NAMA BARANG,HARGA JUAL,STOK
"BESI 6 POLOS","33.000,00",107
"KASO DUREN 3M","18.500,00",
"BENDRAT","450.000,00",2
"BESI 13 ULIR","131.500,00",
"BESI 10 ULIR","77.700,00",
"BESI 8 POLOS","51.000,00",142
"KNEE 45"" AW 3","47.000,00",
"LARGE RADIUS 3","60.000,00",
"BATA MERAH","950,00",-5717
"PAKU BETON PTH 1 1/2"" DUS","17.000,00",
"PAKU KAYU 7 CM","540.000,00",
"LARGE RADIUS TEE 4 X 3","140.000,00",
"BENDRAT HITAM","450.000,00",-8
"BAN DALAM ARTCO","30.000,00",14
"CETOK KOTAK","22.000,00",39
"SELANG MILIARD","374.000,00",
"LARGE RADIUS TEE 3","60.000,00",
"BESI 19 ULIR","281.400,00",
"SOCK POWER 1","8.000,00",
"EMBER COR","9.500,00",20
"LEPAN VINO","22.500,00",131
"PIPA MASPION AW 1","50.000,00",-1
"BAMBU","19.500,00",
"PAKU 5 CM","480.000,00",
"PAKU 7CM","16.000,00",91
"PAKU 10CM","16.000,00",47
"BENANG NILON","52.000,00",28
"SEALTAPE ONDA 1/2","9.000,00",
"M01 MHGI","11.250,00",
"BESI 16 ULIR","200.000,00",
"TRIPLEK 12 MM UTY","168.000,00",
"BESI 8 ULIR","51.000,00",113
"MH04 MHGI","19.500,00",
"M11 MHGI","70.000,00",
"M12 MHGI","70.000,00",
"M08 MHGI","57.500,00",
"LEM RUGLUE 400GR","65.000,00",7
"Y BRAND 3","85.000,00",
"PHILIPS LED 45 W","86.000,00",3
"PHILIPS LED 30 W","55.000,00",
"PHILIPS LED 40 W","67.000,00",1
"PHILIPS LED 19 W","91.000,00",4
"PHILIPS LED 14,5 W","65.000,00",9
"PHILIPS LED 10 W","52.000,00",34
"PHILIPS LED 8 W","45.000,00",36
"PHILIPS LED 6 W","41.000,00",6
"PHILIPS LED 4 W BESAR","35.000,00",8
"PHILIPS LED 4 W KECIL","33.000,00",10
"PHILIPS LED 3 W","27.000,00",9
"LUBY SUMO 40 W","43.500,00",1
"LUBY SUMO 30 W","40.000,00",1
"LUBY SUMO 22 W","22.500,00",5
"LUBY SUMO 16 W","20.000,00",4
"LUBY SUMO 12 W","13.500,00",10
"LUBY PRIMA 24 W","37.500,00",1
"LUBY PRIMA 18 W","28.000,00",22
"LUBY PRIMA 15 W","24.000,00",2
"LUBY PRIMA 12 W","16.500,00",3
"LUBY PRIMA 9 W","14.500,00",-10
"LUBY PRIMA 7 W","12.500,00",7
"LUBY PRIMA 5 W","11.000,00",9
"LUBY PRIMA 3 W","9.000,00",9
"ALTIS 23 W","14.500,00",1
"ALTIS 18 W","10.500,00",7
"ALTIS 15 W","8.500,00",8
"ALTIS 12 W","7.000,00",9
"ALTIS 9 W","6.500,00",12
"ALTIS 7 W","6.000,00",8
"ALTIS 5 W","5.500,00",11
"ZENICH 40 W","44.000,00",2
"ZENICH 30 W","30.000,00",4
"ZENICH 20 W","20.000,00",3
"ZENICH 10 W","11.500,00",1
"ZENICH 5 W","8.500,00",2
"PANALED PREM. 40 W","10.000,00",5
"PANALED PREM. 20 W","6.500,00",7
"PANALED PREM. 15 W","6.000,00",7
"PANALED PREM. 10 W","4.500,00",2
"PANALED PREM. 5 W","3.500,00",10
"KERAMIK 50X50 VARCO GREY KW ECO","50.000,00",51
"KERAMIK 50X50 ALMAZ L BEIGE","54.000,00",91
"KERAMIK 50X50 ALMAZ L GRIS","54.000,00",29
"KERAMIK 50X50 YUCON L BEIGE","54.000,00",73
"KERAMIK 50X50 YUCON L GRIS","54.000,00",96
"CHIYODA 100W","6.500,00",
"CHIYODA 60W","6.500,00",6
"CHIYODA 40W","6.000,00",6
"CHIYODA 25W","6.000,00",6
"CHIYODA 15W","6.000,00",8
"CHIYODA 10W","6.000,00",4
"CHIYODA 5W","4.500,00",97
"KABEL ETERNA 2X1,5MM","14.500,00",74
"KABEL NYM ETERNA 2X2,5MM","865.000,00",10
"KABEL FURANO 1,5MM","89.000,00",7
"KABEL TELEPON HENSONIC 0,6MM","5.000,00",60
"KABEL GOSYEN 2X1,5MM","202.000,00",
"KABEL ALIS 2X1,5MM","118.000,00",1
"SOLASI NASIONAL","5.500,00",97
"STOP KONTAK LOYAL 6","24.500,00",
"STOP KONTAK LOYAL 5","21.500,00",5
"STOP KONTAK LOYAL 4","17.000,00",3
"STOP KONTAK LOYAL 3","13.500,00",-1
"STOP KONTAK LOYAL 2","10.000,00",9
"STOP KONTAK LOYAL 1","6.500,00",15
"STOP KONTAK BROCO 4","37.000,00",30
"STOP KONTAK BROCO 3","32.500,00",36
"STOP KONTAK BROCO 2","29.000,00",27
"STOP KONTAK DEXTA 3 1,5M","9.000,00",1
"TANG KOMBINASI 7"" MDN","35.000,00",11
"TANG LANCIP 6"" MDN","36.000,00",3
"TANG POTONG 6"" MDN","37.000,00",3
"TANG BUAYA BENGKOK 10"" TEKIRO","93.000,00",3
"TANG RIVET TEKIRO","112.000,00",2
"MATA GERGAJI BESI 18T TEKIRO","13.500,00",13
"GERGAJI GOROK IGM 18","35.000,00",
"GERGAJI GOROK GG KARET 18"" TEKIRO","70.500,00",1
"KIKIR SLIM 4"" TEKIRO","11.500,00",40
"KIKIR CHAINSAW BULAT 4,8 TEKIRO","13.500,00",2
"KIKIR CHAINSAW BULAT 5,5X 200MM TEKIRO","13.500,00",5
"CATUT KAKAK TUA 9"" TEKIRO","45.000,00",12
"CATUT PANJANG IGM LISTER 10","19.000,00",
"METERAN KARET 3M IZUMO","10.000,00",20
"METERAN KARET 5 M IZUMO","15.000,00",13
"METERAN KARET 7,5 M IZUMO","22.000,00",13
"BAUT ROFING 10X16 WILSON","300,00",295
"BAUT ROFING 10X19 WILSON","350,00",466
"SEKRUP ATAP WILSON 12X50","520,00",89
"SEKRUP ATAP WILSON 12X70","670,00",44
"KRAN TAMAN ABS ALIR","16.500,00",-1
"KRAN TAMAN TRANSPARAN MDN","9.000,00",23
"GEROBAK PASIR VIKING MERAH","293.500,00",8
"KRAN KUNINGAN 1/2"" ALIR","33.000,00",
"SELANG TIMBANG 1/4","3.500,00",
"SELANG DOFF 5/8 BUDDY","5.000,00",31
"SELANG SUPERFLEX 5/8 BUDDY","8.000,00",-6
"ENGSEL BESI IGM 3","10.000,00",
"ENGSEL BESI IGM 4","17.000,00",
"ENGSEL BRASS 3"" HPP","8.000,00",
"ENGSEL BRASS 4"" HPP","9.000,00",
"TARIKAN LACI IGM IT 015 MODEL TANGGA","4.000,00",5
"KRAN AMICO 1/2","15.000,00",
"KRAN BOLA GAGANG HITAM 3/4 SAB/BONUCI","16.000,00",5
"KRAN AIR GG BIRU 1/2"" IZUMO","11.500,00",57
"KRAN AIR MDN GG BIRU 3/4","11.500,00",
"SEALTAPE JUMBO HIJAU IGM","4.500,00",
"POMPA SEPEDA PENDEK IGM","65.000,00",7
"PALU KAMBING VIBER 16"" IGM","38.000,00",14
"PALU KAMBING VIBER 8"" IGM","30.000,00",
"PALU BODEM VIBER 2LB IGM","53.000,00",4
"PALU KARET 16"" STARK","16.000,00",-2
"PISAU CUTTER IGM 233","8.500,00",3
"LEM PIPA PVC MDN","7.000,00",2
"BAK CUCI PIRING 3S 50","85.000,00",1
"BAK CUCI PIRING 3S 75","115.000,00",3
"BAK CUCI PIRING 3S 96","125.000,00",
"GUNTING KAIN","16.000,00",14
"SARUNG TANGAN BINTIK YUSTAR","4.500,00",345
"STANG GERGAJI BESI IGM 12","19.000,00",
"CAT TEMBOK ENVI BW 843 1KG","55.000,00",3
"CAT TEMBOK ENVI 862 1KG","55.000,00",5
"CAT TEMBOK ENVI 813 1KG","55.000,00",6
"CAT TEMBOK ENVI 861 1KG","55.000,00",6
"CAT TEMBOK ENVI 848 1KG","55.000,00",4
"CAT TEMBOK ENVI 841 1KG","55.000,00",3
"CAT TEMBOK ENVI 880 1KG","55.000,00",4
"CAT TEMBOK ENVI 867 1KG","55.000,00",5
"CAT TEMBOK ENVI 850 1KG","55.000,00",4
"CAT TEMBOK ENVI 806 1KG","55.000,00",6
"CAT TEMBOK ENVI 807 1KG","55.000,00",14
"CAT TEMBOK ENVI 821 1KG","55.000,00",6
"CAT TEMBOK ENVI 817 1KG","55.000,00",5
"CAT TEMBOK ENVI 819 1KG","55.000,00",6
"CAT TEMBOK ENVI 845 1KG","55.000,00",11
"CAT TEMBOK ENVI 874 1KG","55.000,00",4
"CAT TEMBOK ENVI 865 BWS 1KG","55.000,00",6
"CAT TEMBOK ENVI 854 1KG","55.000,00",5
"CAT TEMBOK ENVI 801 1KG","55.000,00",6
"CAT TEMBOK ENVI 800 1KG","55.000,00",3
"CAT TEMBOK ENVI 870 1KG","55.000,00",4
"CAT TEMBOK ENVI 849 1KG","55.000,00",6
"CAT TEMBOK ENVI 800 5KG","190.000,00",6
"CAT TEMBOK ENVI 841 5KG","190.000,00",3
"CAT TEMBOK ENVI 862 5KG","190.000,00",4
"CAT TEMBOK ENVI 848 5KG","190.000,00",4
"CAT TEMBOK ENVI 843 5KG","190.000,00",4
"CAT TEMBOK ENVI 861 5KG","190.000,00",4
"CAT TEMBOK ENVI 801 5KG","190.000,00",3
"CAT TEMBOK ENVI 817 5KG","190.000,00",2
"CAT TEMBOK ENVI 870 5KG","190.000,00",4
"CAT TEMBOK ENVI 813 5KG","190.000,00",3
"CAT TEMBOK ENVI 819 5KG","190.000,00",4
"CAT TEMBOK ENVI 850 5KG","190.000,00",4
"CAT TEMBOK ENVI 845 5KG","190.000,00",3
"CAT TEMBOK ENVI 880 5KG","190.000,00",3
"CAT TEMBOK ENVI 821 5KG","190.000,00",4
"CAT TEMBOK ENVI 865 BWS 5KG","190.000,00",4
"CAT TEMBOK 807 ENVI 5KG","190.000,00",5
"CAT TEMBOK ENVI 847 5KG","190.000,00",4
"CAT TEMBOK ENVI 849 5KG","190.000,00",4
"CAT TEMBOK ENVI 867 5KG","190.000,00",4
"CAT TEMBOK ENVI 806 5KG","190.000,00",4
"CAT TEMBOK ENVI 854 5KG","190.000,00",4
"CAT TEMBOK ENVI 845 25KG","1.104.000,00",
"SILICON BOTOL CPT NASIONAL","26.000,00",20
"SIKUKUKAN 12"" IZUMO","19.000,00",
"EMBER ELASTIS TC 15","8.000,00",-4
"KUAS CAT 1"" MDN","4.000,00",
"KUAS CAT 2""MDN","5.500,00",1
"KUAS CAT 2,5","8.500,00",
"KUAS CAT 3"" MDN","10.000,00",
"KUAS CAT 4"" MDN","13.000,00",
"KUAS CAT 5"" MDN","18.500,00",2
"KUAS ROLL 9"" MULLER","22.000,00",21
"BULU KUAS ROLL 9"" MDN","11.500,00",2
"RADAR PELAMPUNG ST70 BIRU","75.000,00",19
"SARINGAN GOT INJAK SS 4"" IGM","38.000,00",5
"SARINGAN GOT SS 4"" FAYI","9.000,00",4
"SARINGAN GOT SS ANTI BAU 9926","28.000,00",5
"SARINGAN GOT MDN","10.000,00",11
"KAWAT RAM PVC HIJAU 1/2","8.000,00",195
"KAWAT RAM PVC HIJAU 1/4","10.000,00",882
"PARANET 70%","8.000,00",80
"PARANET 85%","9.500,00",74
"BALL VALVE PVC 1/2 MDN","8.500,00",19
"BALL VALCE PVC 3/4","10.500,00",25
"BOHLAM HEMAT 5 WATT","4.500,00",5
"TESPEN INDO NIGHT 2B","5.500,00",2
"TESPEN SINSEKI","3.500,00",12
"SAKLAR GANTUNG DEXTA","3.500,00",58
"FITTING GANTUNG VOLTAMA","3.500,00",17
"FITTING TEMPEL PROSYON","3.500,00",13
"NASIONAL SOLASI","6.000,00",109
"STOP KONTAK DAKKAR LB 3 5M","20.000,00",7
"STOP KONTAK DAKKAR LB 4 5M","21.500,00",5
"STOP KONTAK OLOR 15M DEXTA","25.000,00",2
"STOP KONTAK OLOR 10M DEXTA","23.500,00",1
"OBENG AMERIKA","8.500,00",10
"PHILIP LED 12 W","48.000,00",9
"MCB BRIGHT-G 6A","13.000,00",2
"MCB NEW PALAS 16A","13.000,00",3
"MCB NEW PALAS 4A","13.000,00",5
"MCB NEW PALAS 2A","13.000,00",4
"KABEL TRANS ACEL 2X120","4.000,00",-32
"KABEL TRANS 2X80","2.500,00",
"KABEL TRANS 2X50","2.000,00",54
"KABEL TRANS 2X30","1.500,00",33
"LEM G","9.000,00",51
"NACHI KERTAS","6.000,00",
"NACHI FOAM","9.500,00",
"SOLASI NACHI TAPE","10.000,00",1
"SEKRING OTOMATIS NEW PALAS 6A","13.000,00",4
"STOO KONTAK LB4 FETRON","8.000,00",10
"STOP KONTAK VETRON LB2","7.000,00",8
"STAR ORANGE 1 L","75.000,00",12
"BRILIANT WHITE 1 L","75.000,00",12
"BLACK 1 L","75.000,00",11
"BLACK DOFF 1 L","75.000,00",11
"SUNNY BLUE 1 L","75.000,00",11
"GOLD 1 L","75.000,00",8
"LEMON YELLOW 1 L","75.000,00",12
"OCEAN BLUE 1 L","75.000,00",12
"SILVER","45.000,00",6
"PILOX BLACK DOFF 400 ML","45.000,00",2
"KUAS INDACO 1","12.000,00",
"KUAS INDACO 2","16.000,00",
"KUAS INDACO 3","20.000,00",
"KUAS INDACO 4","32.000,00",
"KUAS INDACO 5","45.000,00",
"KUAS INDACO 6","55.000,00",
"TRIPLEK 3ML SENGON","46.000,00",73
"TRIPLEK 6ML SENGON","71.000,00",
"TRIPLEK 8ML SENGON GA","82.500,00",59
"TRIPLEK 12ML SENGON GA","135.000,00",
"TRIPLEK 12ML MA","142.000,00",
"BESI 10 POLOS","72.000,00",
"BESI 12 POLOS","105.000,00",14
"GALVALUM TALANG 40","16.000,00",20
"GALVALUM TALANG 50","23.000,00",40
"GALVALUM TALANG 60","25.000,00",5
"GALVALUM TALANG 70","30.000,00",5
"GALVALUM TALANG 80","32.000,00",-10
"GALVALUM TALANG 90","35.000,00",27
"HOLO KENCANA 2X4 0.25MM","35.000,00",16
"HOLO KENCANA 4X4 0.25MM","43.000,00",20
"KAWAT BENDRAT","18.000,00",35
"KANAL C 75 KENCANA 0.55MM","92.000,00",59
"KANAL C 75 KENCANA 075MM","110.000,00",27
"RENG KECIL LIPAT KENCANA 040MM","40.000,00",2
"RENG KECIL LIPAT KENCANA 0,45MM","45.000,00",1
"SPANDEX DELUXE 0,30X3M","120.000,00",48
"SPANDEX 4M","160.000,00",4
"SPANDEX 5M","200.000,00",
"SPANDEX 6M","240.000,00",21
"SPANDEX 7M","280.000,00",4
"PAKU 5CM","16.000,00",82
"PAKU 4CM","480.000,00",2
"PAKU 3CM","16.000,00",376
"PAKU 2CM","16.000,00",295
"PAKU 1.5CM","18.000,00",114
"PAKU BERUANG 1,25","20.000,00",
"PAKU BERUANG 1","20.000,00",
"HANNOCHS SONIC 25W","53.000,00",3
"HANNOCHS SONIC 20W","38.000,00",1
"HANNOCHS SONIC 15W","30.000,00",7
"HANNOCHS SONIC 9W","21.000,00",5
"HANNOCHS SONIC 12W","25.000,00",5
"HANNOCHS SONIC 7W","19.000,00",9
"HANNOCHS SONIC 5W","15.000,00",6
"HANNOCHS SONIC 3W","12.000,00",10
"HANNOCHS VARIO 18W","28.000,00",3
"HANNOCHS VARIO 30W","43.000,00",4
"HANNOCHS VARIO 40W","67.000,00",
"HANNOCHS VARIO 45W","75.000,00",
"HANNOCHS VARIO 50W","90.000,00",2
"PANALED GENIO 9W","24.000,00",1
"PANALED GENIO 12W","26.000,00",3
"PANALED GENIO 18W","30.000,00",1
"LUBY ALADDIN 16W","80.000,00",8
"LUBY ALADDIN 10W","60.000,00",
"LUBY ALADDIN 8W","52.000,00",3
"LUBY ALADDIN 6W","46.000,00",3
"TALI TIES 100MM","5.000,00",4
"TALI TIES 300MM","18.000,00",6
"TALI TIES 250M","16.000,00",12
"KLEM YANS 12MM","5.500,00",5
"KLEM YANS 10MM","4.500,00",140
"KLEM YANS 7MM","4.000,00",1
"KLEM YANS 6MM","3.500,00",8
"STOP KONTAK KABEL 5M LB5","23.000,00",
"ZENICH 50W","55.000,00",19
"STOP KONTAK VETRON LB4","8.000,00",7
"T-DUS SIDU","2.500,00",21
"BOX MCB DEXTA 3","10.000,00",4
"GEMBOK PENDEK 60MM TEKIRO","65.000,00",9
"GEMBOK PANJANG 40MM TEKIRO","45.000,00",1
"GEMBOK PENDEK 40MM TEKIRO","41.000,00",6
"GEMBOK JAKET 50MM TEKIRO","65.000,00",5
"GEMBOK PENDEK 50MM TEKIRO","53.000,00",8
"MATA BOR BAJA HSS KOBALT 3MM RYU","12.000,00",2
"MATA BOR BAJA HSS KOBALT 6MM RYU","29.000,00",3
"MATA BOR BAJA HSS KOBALT 8MM RYU","49.000,00",3
"GEMBOK PANJANG 30MM IZUMO","12.000,00",6
"GEMBOK PENDEK 40MM VERRIZ","12.000,00",23
"GEMBOK PANJANG 40MM VERRIZ","13.000,00",23
"GEMBOK PENDEK 50MM IZUMO","17.000,00",11
"GEMBOK PANJANG 60MM IZUMO","22.000,00",
"GEMBOK PENDEK 60MM IZUMO","20.000,00",5
"KUNCI RING PAS SET 11PCS 8-24MM TEKIRO","310.000,00",1
"MATA OBENG PLUS FULLSET TEKIRO","82.000,00",3
"KUNCI SOCK SET 10PCS 8-24MM BOX PLASTIK","280.000,00",1
"KUNCI L SET PANJANG 9 PCS IZUMO","30.000,00",2
"KUNCI L SET 8 PCS TEKIRO","113.000,00",3
"KUNCI INGGRIS 8"" TEKIRO","62.000,00",4
"KUNCI INGGRIS 10"" TEKIRO","82.000,00",1
"KUNCI INGGRIS 12"" TEKIRO","99.000,00",2
"KUNCI PINTU TANGGUNG+BODY IGM","78.000,00",5
"KUNCI PINTU BESAR+BODY IGM","92.000,00",3
"BODY KUNCI LIDAH VSM","46.000,00",5
"BODY PELOR SS KALENG IGM","109.000,00",5
"GRENDEL OVERVAL TEBAL HIJAU 2","6.500,00",
"SIKU RAK TIPIS PUTIH 6X8 IZUMO","5.000,00",8
"SIKU RAK TIPIS PUTIH 8X10 IZUMO","6.500,00",10
"SIKU RAK TIPIS PUTIH 12X14 IZUMO","10.000,00",2
"SEKOP GAGANG BESI STARK","58.000,00",6
"TANGGA ALUMUNIUM 1.75M","525.000,00",1
"TANGGA ALUMUNIUM 2M","610.000,00",1
"KUNCI PINTU TANGGUNG BUDDY 111M","85.000,00",-4
"KUNCI PINTU BESAR BUDDY 111L","95.000,00",3
"MCB BROCO 2A","36.000,00",2
"MCB BROCO 4A","36.000,00",1
"MCB BROCO 6A","35.000,00",
"MCB BROCO 10 A","35.000,00",
"MCB BROCO 16 A","35.000,00",-1
"MCB BROCO 20 A","35.000,00",
"MCB BROCO 25A","35.000,00",
"MCB BROCO 40A","40.000,00",3
"MCB BROCO 32A","40.000,00",
"BOX MCB BROCO","14.000,00",7
"T DUS SIDU","2.000,00",133
"KRES DUS SIDU","3.000,00",185
"INBOX DUS SIDU","2.000,00",272
"FITTING MERKURY KRAMIK","9.000,00",
"FITTING MERKURY PLASTIK","8.000,00",7
"TUTUP FITTING MERKURY TANGGUNG","9.000,00",3
"TUTUP FITTING MERKURY KECIL","5.000,00",10
"BOX MCB DEXTA","4.500,00",7
"NYM FURANO 3X1,5MM","9.500,00",33
"FITTING HIAS KOTAK BROCO","12.000,00",47
"FITTING HIAS LINGKAR BROCO","12.000,00",10
"FITTING GANTUNG BROCO","6.000,00",166
"FITTING TEMPEL BROCO","6.500,00",10
"FITTING KOMBINASI BROCO","10.000,00",2
"STEKER ARDE BROCO","10.000,00",206
"STEKER PLUG COUPLER BROCO","4.500,00",18
"STEKER TWO POLE PLUG","6.500,00",228
"T YUNIOR","6.500,00",16
"FITTING COLOK MIKOTEK","4.500,00",20
"STOP KONTAK BULAT TANAM BROCO","9.500,00",4
"BEGEL 8X12","18.000,00",202
"BEGEL 8X15","18.000,00",64
"BEGEL 8X8","18.000,00",79
"BEGEL 8X10","18.000,00",
"BEGEL 8X12 BAJA","19.000,00",-83
"LINGGIS BIASA BESAR","50.000,00",3
"EMBER COR IKAN","7.500,00",42
"IKRAK PLASTIK/PENGKI","12.000,00",
"CETOK OVAL","22.000,00",29
"SRENG BAGUS","25.000,00",8
"SRENG BIASA","20.000,00",26
"PACUL","35.000,00",15
"LINGGIS BESAR","85.000,00",1
"BATU ASAH","10.000,00",7
"TANDON 200L TS","280.000,00",1
"KUNCI BESI UK 8-10","12.000,00",9
"SKOP KAYU","40.000,00",10
"LINGGIS CATUT KECIL","15.000,00",14
"EMBER KUPING KECIL","15.000,00",11
"PILOX KREA 20009 CRYS.BLUE","49.000,00",4
"PILOX KREA 20040 WHITE DOFF","49.000,00",4
"INA C 2 KLOSET JONGKOK SKY BLUE","225.000,00",
"KLOSET JONGKOK TOTO CE7 WHITE","295.000,00",8
"GLASS BOX MULIA DIAMOND 20X20","160.000,00",
"GLASS BOX MULIA OCEAN VIEW 20X20","160.000,00",
"KLOSET DUDUK TOTO CW 633","1.600.000,00",2
"KLOSET DUDUK VOLK SOLARIS 660WD WHITE","750.000,00",2
"TEE AW 1/2 TRILIUN","2.500,00",222
"TEE AW 3/4 TRILIUN","3.000,00",68
"TEE AW 2"" TRILLIUN","16.000,00",30
"TEE D 3"" TRILLIUN","17.000,00",13
"ELBOW AW 1/2 TRILLIUN","2.000,00",60
"ELBOW AW 3/4 TRILLIUN","2.500,00",116
"ELBOW AW 2 TRILLIUN","12.000,00",-1
"ELBOW AW 2 1/2 TRILLIUN","18.500,00",26
"ELBOW AW 3 TRILLIUN","29.000,00",9
"SOCKET AW 1/2 TRILLIUN","2.000,00",219
"SOCKET AW 3/4 TRILLIUN","2.500,00",191
"SOCKET D 3 TRILLIUN","6.500,00",58
"PIPA TRILLIUN 1/2 AW","22.000,00",40
"PIPA TRILLIUN 3/4 AW","30.000,00",64
"PIPA TRILLIUN 1 1/4","60.000,00",26
"PIPA TRILLIUN 1 1/2","70.000,00",20
"PIPA TRILLIUN 2 AW","83.000,00",40
"PIPA TRILLIUN 2 1/2 AW","100.000,00",38
"PIPA TRILLIUN 3"" AW","242.500,00",9
"KNEE RUCIKA TS 1/2","3.500,00",
"KNEE RUCIKA TS 3/4","4.500,00",
"KNEE RUCIKA DV 1 1/4","4.500,00",
"KNEE RUCIKA DV 1 1/2","5.500,00",
"KNEE RUCIKA DV 2","8.500,00",
"KNEE RUCIKA DV 3","18.500,00",
"KNEE RUCIKA DV 4","37.000,00",
"KNEE RUCIKA DV 5","89.500,00",
"KNEE RUCIKA DV 6","107.000,00",
"TEE RUCIKA TS 1/2","4.500,00",
"TEE RUCIKA TS 3/4","5.500,00",
"TEE RUCIKA TS 1 1/4","13.500,00",
"TEE RUCIKA DV 1 1/2","8.000,00",
"TEE RUCIKA DV 2","11.500,00",
"TEE RUCIKA DV 3","28.500,00",
"TEE RUCIKA DV 4","48.500,00",
"TEE RUCIKA DV 5","85.500,00",
"SOCK RUCIKA TS 1/2","3.500,00",
"SOCK RUCIKA TS 3/4","4.000,00",
"SOCK RUCIKA TS 1 1/4","7.500,00",
"SOCK RUCIKA TS 1 1/2","11.000,00",
"SOCK RUCIKA DV 2","5.500,00",
"SOCK RUCIKA DV 3","12.000,00",
"SOCK RUCIKA DV 4","26.000,00",
"PIPA RUCIKA AW 1/2","33.000,00",
"PIPA RUCIKA AW 3/4","43.500,00",
"PIPA RUCIKA AW 1 1/4","84.500,00",
"PIPA RUCIKA AW 1 1/2","98.000,00",
"PIPA RUCIKA AW 2","124.000,00",
"PIPA RUCIKA AW 2 1/2","185.000,00",
"PIPA RUCIKA AW 3","254.000,00",
"PIPA RUCIKA AW 5","660.000,00",
"PIPA RUCIKA AW 6","810.000,00",
"PIPA RUCIKA AW 4","420.000,00",
"PIPA MASPION PUTIH AW 1/2","30.000,00",
"PIPA MASPION PUTIH AW 3/4","38.500,00",
"PIPA MASPION PUTIH AW 1 1/4","77.500,00",
"PIPA MASPION PUTIH AW 1 1/2","93.000,00",
"PIPA MASPION PUTIH AW 2","95.000,00",
"PIPA MASPION PUTIH AW 2 1/2","168.500,00",
"PIPA MASPION PUTIH AW 3","242.500,00",
"HERBEL BRICON GRADE A","790.000,00",4
"HERBEL BRICON GRADE A BIJIAN","10.000,00",248
"HERBEL BLESSCON GRADE A","820.000,00",0
"BETEL PAYUNG 10","14.000,00",
"BETEL PAYUNG 12","16.000,00",
"PAKU POWER 1/2","16.000,00",
"PAKU POWER 3/4","16.000,00",
"PAKU POWER 5/8","16.000,00",
"MUR TANDON 1/2","6.500,00",
"MUR TANDON 3/4","7.500,00",
"MUR TANDON 1","8.500,00",
"SEKRUP HAK TUTUP NO.4","333,00",144
"BAN LUAR ARTCO","68.000,00",13
"WD RESIBON","3.500,00",267
"OBENG PLAS. ANATA + 10","9.500,00",
"OBENG TEMBUS ANATA - 4MM","14.000,00",24
"OBENG TEMBUS ANATA + 6MM","15.000,00",17
"OBENG TEMBUS ANATA - 6MM","15.000,00",21
"OBENG TEMBUS ANATA + 8MM","16.000,00",22
"OBENG TEMBUS ANATA - 8MM","16.000,00",22
"WATERPASS MAGNET 18"" STARK","31.000,00",2
"WATERPASS MAGNET 24""OTTER","35.000,00",4
"LEPAN KOTAK PUTIH","8.000,00",8
"BULU KUAS ROLL STANDAR","15.000,00",-5
"FILTER KRAN SOLIGEN","11.500,00",22
"SEALENT PUTIH SOLIGEN","35.000,00",48
"SEALENT HITAM SOLIGEN","35.000,00",33
"SEALENT BENING SOLIGEN","35.000,00",47
"SCRAP RAYNER MERAH 5","3.500,00",
"SRAP RAYNER MERAH 7","4.000,00",
"SRAP POLYSTAR 5","2.500,00",
"SCRAP POLYSTAR 7","4.500,00",
"PAKU PINES","1.500,00",0
"PAKU PINES FREDER","39.000,00",4
"LAKBAN HITAM","13.000,00",14
"KRAN DISPENSER DORONG","8.500,00",19
"KRAN ANGSA PUTIH 1/2","40.000,00",9
"KRAN ANGSA FLEX KCL","44.000,00",7
"KRAN ANGSA FLEX BSR","69.000,00",7
"KLEM SELANG 3/4","2.000,00",
"TARIKAN TOP 091 GP","9.000,00",8
"TARIKAN TOP 095 GP","9.000,00",
"TARIKAN TOP 096 GP","9.000,00",-1
"GOROK GOMEO 18","26.000,00",
"MATA BOR COBALT FJYM 3MM","8.000,00",4
"MATA BOR COBALT FJYM 3,5MM","9.000,00",-1
"MATA BOR COBALT FJYM 4MM","10.500,00",6
"MATA BOR COBALT FJYM 5MM","15.500,00",1
"MATA BOR COBALT FJYM 6MM","20.000,00",6
"STOP KRAN SS 1/2"" HPP","10.000,00",1
"STOP KRAN SS 3/4"" HPP","11.000,00",10
"STOP KRAN SS 1"" HPP","13.000,00",8
"SARUNG TANGAN KARET HTM","10.000,00",11
"HAK ANGIN KTK 8"" SN EIFFEL","9.000,00",23
"HAK ANGIN KTK 8"" GP EIFFEL","9.000,00",3
"HAK ANGIN BLT 8"" SN EIFFEL","8.500,00",23
"HAK ANGIN BLT 8"" GP EIFFEL","8.500,00",12
"HAK ANGIN BLT 10"" GP JWN","10.000,00",24
"HAK ANGIN BLT 10"" SN JWN","10.000,00",18
"HAK ANGIN KTK 10"" GP JWN","10.000,00",24
"HAK ANGIN KTK 10"" SN JWN","10.000,00",24
"TAMBAL TALANG INOPLAST","13.000,00",11
"BAK GEROBAK YE ER","215.000,00",3
"BAN SWALLOW LUAR 4PLY","95.000,00",5
"BAN SWALLOW DALAM","35.000,00",2
"TARIKAN TOP 093 GP","9.000,00",12
"PISAU POT. KER. P.SONIC","135.000,00",26
"AMPLAS BULAT 80","1.500,00",75
"AMPLAS BULAT 120","1.500,00",85
"AMPLAS BULAT 240","1.500,00",28
"AMPLAS DUCO TAIYO 80","3.500,00",
"AMPLAS DUCO TAIYO 120","3.500,00",
"AMPLAS DUCO TAIYO 240","3.500,00",
"KLEM SELANG 1","2.500,00",
"KLEM SELANG 1 1/2","3.500,00",
"HANDLE JWN SULING DOP","50.000,00",3
"HANDLE JWN SULING NTR","50.000,00",3
"HANDLE PINTU LUMINO SLVR","83.000,00",3
"HANDLE JWN LOHAN JMB NTRL","75.000,00",3
"MATA BOR BETON 6MM GNT","8.000,00",9
"MATA BOR BETON 8MM GNT","10.000,00",20
"MATA BOR BETON 10MM GNT","13.000,00",11
"BODEM MURAH 2 LB","17.000,00",4
"BODEM MURAH 4 LB","30.000,00",4
"GRENDEL BLT HTM 3"" KZK","4.000,00",45
"GRENDEL TBL HTM 2"" KZK","4.500,00",7
"GRENDEL TBL HTM 4"" KZK","6.500,00",-18
"GRENDEL STAINLESS 2"" ERDOS","5.000,00",26
"MATA OBENG ANGIN + SAB","24.000,00",1
"VITRO DISC KASAR","7.000,00",24
"PENSIL TUKANG MAKITA","3.000,00",72
"KRAN SHOWER ENGKEL YU","30.000,00",23
"ISI CUTTER EXPERT","1.500,00",100
"BAN SWALLOW LUAR","60.000,00",
"MATA BOR KUNING 8MM GOMEO","10.000,00",5
"MATA BOR KUNING 10MM GOMEO","15.000,00",6
"MATA BOR KUNING 12MM GOMEO","17.000,00",7
"KRAM AMICO 3/4","16.000,00",
"BAK GEROBAK FBR MANCINI","200.000,00",5
"BAR ROLL CAT WARNA","8.000,00",23
"SEPATU BOOT ANDO HTM 40","90.000,00",7
"SEPATU BOOT ANDO 41","90.000,00",3
"SEPATU BOOT ANDO 42","90.000,00",
"SEPATU BOOT ANDO HTM 43","95.000,00",
"MATA BOR PAGODA FJYM","87.000,00",3
"SCRAP SET","8.000,00",16
"BETEL PAYUNG 8","11.500,00",
"RESIBON KINIK PLS GC60","18.000,00",79
"SARINGAN GOT SS GOMEO","40.000,00",55
"SARINGAN GOT SS MULLER 508","38.000,00",23
"OBENG PLAS. ANATA + 4MM","8.000,00",31
"OBENG PLAS. ANATA - 4MM","8.000,00",34
"OBENG PLAS. ANATA + 6MM","9.000,00",34
"OBENG PLAS. ANATA - 6MM","9.000,00",35
"OBENG PLAS. ANATA + 8MM","10.000,00",35
"OBENG TEMBUS ANATA + 4MM","14.000,00",21
"SARUNG TANGAN PLS BULDOZER","2.500,00",16
"KRAN DISPENSER TEKAN","9.500,00",17
"BODEM LUDELL 2 LB","35.000,00",2
"BODEM LUDELL 3 LB","50.000,00",2
"BODEM LUDELL 4 LB","65.000,00",1
"KUNCI LACI 808 (B) A","15.500,00",
"KUNCI LACI FERZA COKLAT","9.500,00",
"KUNCI LACI FERZA 101 (K)","5.000,00",12
"TEMPAT GEMBOK KZK 5","2.500,00",
"BELAZO WOODSTAIN 701 1LT","112.000,00",34
"BELAZO WOODSTAIN 703 1LT","112.000,00",35
"BELAZO WOODSTAIN 708 1LT","112.000,00",35
"BAK ROLL INDAPLAS","18.000,00",20
"CAT KAYU & BESI ENVI 908 0.9L","88.000,00",6
"PILOX KREA 20013 BLACK","49.000,00",5
"PILOX KREA 20020 CHROME YELLOW","49.000,00",6
"PILOX KREA 20034 CLEAR DOFF","49.000,00",6
"PILOX KREA 20039 FLUOR. YELLOW","65.000,00",7
"PILOX KREA 20048 24K GOLD","49.000,00",5
"CAT KAYU & BESI ENVI 903 0.9L","88.000,00",8
"CAT KAYU & BESI ENVI 947 0.9L","88.000,00",9
"CAT KAYU & BESI ENVI 950 0.9L","88.000,00",5
"CAT KAYU & BESI ENVI 962 0.9L","145.000,00",11
"CAT KAYU & BESI ENVI 900 0.9L","88.000,00",10
"CAT KAYU & BESI ENVI 945 0.9L","88.000,00",9
"CAT KAYU & BESI ENVI 9000 0.9L","88.000,00",9
"PILOX KREA 20033 CLEAR GLOSS","49.000,00",9
"PILOX KREA 20041 BLACK DOFF","49.000,00",6
"PILOX KREA 20043 SILVER","49.000,00",7
"NO DROP 009 1KG","78.000,00",
"NO DROP 002 1KG","78.000,00",9
"NO DROP 010 1KG","78.000,00",5
"NO DROP 004 1KG","78.000,00",6
"NO DROP 025 1KG","78.000,00",6
"NO DROP 019 1KG","78.000,00",6
"NO DROP 036 1KG","78.000,00",4
"NO DROP 009 4KG","296.500,00",3
"NO DROP 002 4KG","296.500,00",4
"NO DROP 010 4KG","296.500,00",9
"NO DROP 004 4KG","296.500,00",6
"NO DROP 036 4KG","296.500,00",6
"NO DROP 025 4KG","296.500,00",4
"NO DROP 019 4KG","296.500,00",6
"CAT AVITEX A1501 5KG","174.000,00",1
"CAT AVITEX 040 5KG","174.000,00",4
"CAT AVITEX 671 5KG","174.000,00",3
"CAT AVITEX 670 5KG","174.000,00",2
"CAT AVITEX 680 5KG","174.000,00",8
"CAT AVITEX SW 5KG","170.000,00",2
"CAT AVITEX 900 5KG","174.000,00",2
"CAT AVITEX 751 5KG","174.000,00",9
"CAT AVITEX 755 5KG","174.000,00",4
"CAT AVITEX 745 5KG","174.000,00",4
"CAT AVITEX 602 5KG","174.000,00",4
"CAT AVITEX 601 5KG","174.000,00",4
"CAT AVITEX 700 5KG","174.000,00",4
"CAT AVITEX 776 5KG","174.000,00",4
"CAT AVITEX 760 5KG","174.000,00",4
"CAT AVITEX 770 5KG","174.000,00",7
"CAT AVITEX 771 5KG","174.000,00",4
"CAT AVITEX 660 5KG","174.000,00",4
"CAT AVITEX 720 5KG","174.000,00",4
"CAT AVITEX 735 5KG","174.000,00",4
"CAT AVITEX 671 1KG","53.000,00",4
"CAT AVITEX 670 1KG","53.000,00",4
"CAT AVITEX 680 1KG","53.000,00",3
"CAT AVITEX SW 1KG","53.000,00",17
"CAT AVITEX 610 1KG","53.000,00",3
"CAT AVITEX 755 1KG","53.000,00",4
"CAT AVITEX 745 1KG","53.000,00",4
"CAT AVITEX 700 1KG","53.000,00",9
"CAT AVITEX 770 1KG","53.000,00",4
"CAT AVITEX 771 1KG","53.000,00",
"CAT AVITEX 660 1KG","53.000,00",4
"CAT AVITEX 720 1KG","53.000,00",7
"CAT AVITEX 735 1KG","53.000,00",2
"PLITUR PERNIS BOYO S615","104.000,00",1
"PLITUR PERNIS BOYO S610","104.000,00",
"PLITUR PERNIS BOYO S607","104.000,00",7
"PLITUR PERNIS BOYO S600","104.000,00",6
"PLITUR PERNIS BOYO S601","104.000,00",7
"PILOX SUZUKA 480 300CC","36.000,00",12
"PILOX SUZUKA 480M 300CC","36.000,00",8
"PILOX SUZUKA 470 300CC","36.000,00",4
"PILOX SUZUKA 501 300CC","36.000,00",7
"PILOX SUZUKA 205 300CC","36.000,00",6
"PILOX SUZUKA 135 300CC","36.000,00",6
"BELAZO 701 WALNUT 0.4L","66.000,00",35
"BELAZO 703 COFFE BEAN 0.4L","66.000,00",36
"DADUNG 8MM","3.000,00",98
"DADUNG 5MM","2.000,00",8
"TANGKI MPOIN 550 HITAM","1.950.000,00",1
"TANGKI MPOIN 800 HITAM","2.450.000,00",1
"TANGKI MPOIN 1200 HITAM","3.050.000,00",1
"BELAZO 708 SAFRON 0.4L","66.000,00",35
"THINNER INDACO 1L","48.000,00",1
"THINNER INDACO 0.5L","35.000,00",7
"SHOWER SOLIGEN","120.000,00",4
"SHOWER EINER","65.000,00",5
"SIKAT WC LIONSTAR","20.000,00",6
"T.SABUN TEMPEL K","7.000,00",8
"T.SABUN TEMPEL B","9.500,00",12
"T.SAMPAH GAJAH","11.500,00",12
"T.SAMPAH GOLDEN","20.000,00",4
"EMBER 30L KIRAMAS","45.000,00",6
"EMBER GOLDEN","57.500,00",5
"GAYUNG LION STAR","17.000,00",
"GAYUNG GAH","7.500,00",12
"HANGER HATI","12.500,00",5
"TUSEN KLEP ONDA 2","550.000,00",
"GERGAJI GOROK HERBEL","25.000,00",5
"LEM DEXTONE 5MNT","17.500,00",6
"PLASTIK COR 08","170.000,00",-2
"PLASTIK COR 03","105.000,00",-57
"ALAT TEMBAK VIPER","29.000,00",2
"ALAT TEMBAK POPEYE","25.000,00",4
"PAKU SKRUP SIP 5/8","100,00",1755
"PAKU SKRUP SIP 3/4","100,00",2048
"SOCK DRAT DLM 1/2","3.500,00",8
"SOCK DRAT DLM 1","6.000,00",
"SOCK DRAT DLM 1 1/2","13.000,00",46
"SOCK DRAT DLM 1 1/4","10.000,00",
"SOCK DRAT DLM 2","16.000,00",
"SOCK DRAT DLM 3","22.000,00",
"MATA BOR NACHI 13MM","230.000,00",1
"MATA BOR SOLID 13MM","85.000,00",2
"SIKAT MANGKOK CC","48.500,00",2
"SIKAT MANGKOK CA","73.500,00",3
"GERINDA WD 14","45.000,00",
"GERINDA MAKITA 14","35.000,00",
"DOP PVC 1/2","3.000,00",
"DOP PVC 3/4","3.500,00",
"DOP PVC 1","5.500,00",
"DOP PVC 1 1/2","12.000,00",
"DOP PVC 2","13.500,00",
"DOP PVC 4","18.500,00",
"SCRAP GG KARET 2.5","8.500,00",
"SCRAP GG KARET 2","8.000,00",
"LEM RUGLUE","70.000,00",3
"LEM FOX 0.5 KG","36.000,00",
"DOP BESI 2 1/2","70.000,00",
"DOP BESI 2","35.000,00",
"DOP BESI 1","12.000,00",
"DOP BESI 3/4","10.000,00",
"DOP BESI 1/2","8.000,00",
"KABEL ETERNA 1,5 MM","4.500,00",
"SEMEN GRESIK 40 KG","57.500,00",-2
"SEMEN GRESIK 50 KG","63.000,00",162
"SEMEN MERDEKA","43.000,00",2
"SEMEN DINAMIK","55.500,00",108
"LEM DEXTONE KLG 100G","12.000,00",9
"PISAU POT. KER. TURBO","80.000,00",
"PISAU POT. KER. IGM","50.000,00",4
"GUNTING HOLO BONUCI","30.000,00",5
"TEMPAT GEMBOK VOXY 2.5","3.500,00",
"DEMPUL KAYU CEMARA","10.000,00",33
"PELAMPUNG KUNINGAN 1/2","47.000,00",
"PELAMPUNG KUNINGAN 3/4","50.000,00",
"PELAMPUNG MITSUTOYO 1/2","28.000,00",
"PELAMPUNG MITSUTOYO 3/4","30.000,00",
"GERINDA ASAH 4"" 80","7.000,00",10
"GERINDA ASAH 4"" 60","7.000,00",10
"GERINDA ASAH 4"" 120","7.000,00",10
"GERINDA ASAH 4"" 240","7.000,00",10
"PAKU BETON GDO 3 CM","250,00",3733
"PAKU BETON GDO 4 CM","400,00",3851
"PAKU BETON GDO 5 CM","500,00",3572
"PAKU BETON GDO 7 CM","800,00",3681
"PAKU BETON GDO 10 CM","1.000,00",3303
"KLEM SELANG 3","5.000,00",
"KLEM PIPA 1/2","500,00",
"KLEM PIPA 3/4","1.000,00",
"KLEM PIPA 1 1/4","2.000,00",
"KLEM PIPA 2","3.500,00",
"KLEM PIPA 2 1/2","4.000,00",
"KLEM PIPA 3","4.500,00",
"KLEM PIPA 4","5.000,00",
"KAYU SENGON","16.500,00",
"DINABOL 8X40","1.500,00",128
"DINABOL 8X65","1.800,00",141
"DINABOL 10X50","2.000,00",635
"DINABOL 10X77","2.500,00",588
"DINABOL 12X60","3.000,00",88
"KANEBO PAJERO","13.000,00",9
"PLASTIK FISHER S5","7.000,00",
"PLASTIK FISHER S6","8.000,00",
"PLASTIK FISHER S8","200,00",158
"PLASTIK FISHER S10","10.000,00",
"PLASTIK FISHER S12","13.000,00",
"PAKU RIVET 440","85.000,00",-1
"PAKU RIVET 540","110.000,00",1
"PAKU RIVET 640","90.000,00",1
"BENANG NILON PUTIH","4.000,00",-6
"BENANG NILON COKLAT","6.000,00",25
"TANDON 150L","210.000,00",1
"PAKU BETON PTH 3","700,00",
"KUNCI LACI FERZA ABU","9.500,00",658
"KUAS ETERNA 2","12.000,00",
"KUAS ETERNA 3","18.000,00",
"KUAS ETERNA 4","23.000,00",
"BENDRAT 1/2 KG","10.000,00",59
"PAKU BETON PTH 2","350,00",
"PAKU BETON PTH 4","800,00",
"PAKU BETON PTH 1 1/2","300,00",
"PAKU BETON PTH 1 1/4","200,00",
"MUR BAUT M6X20","700,00",260
"MUR BAUT M6X30","800,00",314
"MUR BAUT M6X50","1.000,00",1385
"MUR BAUT M8X20","1.300,00",320
"MUR BAUT M8X30","1.400,00",493
"MUR BAUT M8X50","1.500,00",548
"MUR BAUT M10X20","1.650,00",690
"MUR BAUT M10X30","1.700,00",720
"MUR BAUT M10X50","2.000,00",673
"SAKLAR TANAM 1 DEXTA","5.000,00",8
"DOP PVC 3","16.000,00",
"SOCK DRAT LUAR 1/2","3.500,00",
"SOCK DRAT LUAR 3/4","4.500,00",
"SOCK DRAT LUAR 1","6.000,00",
"SOCK DRAT LUAR 1 1/4","9.000,00",
"SOCK DRAT LUAR 2","16.000,00",
"SOCK DRAT LUAR 3","36.000,00",
"SOCK DRAT LUAR 1 1/2","11.000,00",
"SOCK DRAT DLM 3/4","5.000,00",
"PAKU BETON PTH 1 1/4"" DUS","19.000,00",
"LEPAN BESI GG KAYU","20.000,00",9
"LEPAN BESI GG FIBER","15.000,00",12
"LEPAN PVC AWS","12.000,00",-3
"KUNCI ROFING 8MM PJ SAB","6.500,00",4
"KUNCI ROFING 8MM PD SAB","5.000,00",3
"KUNCI ROFING 10MM PJ ANT","9.000,00",14
"SODA API","15.000,00",10
"ENGSEL TIPIS 11/2","8.000,00",
"KUNCI ROFING PNDK","3.500,00",
"LASTOK 2.0","50.000,00",26
"PAD VELCRO","6.000,00",38
"SODA API 3 ONS","14.000,00",8
"ENGSEL TIPIS RRT","1.000,00",
"KUNCI ROFING 8MM PDK VPR","4.500,00",5
"KUNCI ROFING 8MM PJ VPR","5.000,00",5
"LEM FOX PTH 400GR","15.000,00",23
"LEM FOX PTH 700GR","25.000,00",35
"DRYWALL","30.000,00",
"SAKLAR TEMPEL 2 BROCO","18.000,00",42
"MORTAR THINBED 40KG","55.000,00",-8
"SPANDEX TRANS. GM 5M","270.000,00",10
"SAKLAR TANAM 1 BROCO","13.000,00",-8
"STOP KONTAK TANAM BROCO","15.000,00",100
"SAKLAR DOBEL TANAM BROCO","17.000,00",106
"SAKLAR+SC TANAM BROCO BLT","22.000,00",16
"SAKLAR+SC TANAM BROCO DTR","21.500,00",19
"STOPKONTAK TEMPEL BROCO","14.500,00",15
"SAKLAR TEMPEL 1 BROCO","13.000,00",1
"SAKLAR TANAM 1 GALILEO","13.500,00",29
"SAKLAR TANAM 2 GALILEO","18.500,00",30
"STOP KONTAK TANAM GALILEO","14.500,00",51
"SAKLAR TEMPEL 1 DEXTA","5.000,00",12
"SAKLAR TEMPEL 2 DEXTA","6.500,00",12
"STOP KONTAK TEMPEL DEXTA","6.000,00",12
"SAKLAR+SC TEMPEL DEXTA","7.500,00",12
"SAKLAR TANAM 2 DEXTA","6.500,00",12
"STOP KONTAK TANAM DEXTA","6.000,00",12
"SAKLAR TEMPEL TOFUDA","5.000,00",21
"SAKLAR TEMPEL 2 MORGEN","7.000,00",16
"PAKU BETON GDO DOS 7CM","38.500,00",
"BAUT ROFING KUNING 5CM","700,00",-206
"USUK SENGON 4X6 4M","27.000,00",
"PAKU BETON GDO DOS 5CM","29.000,00",
"ENGSEL TIPIS HINGES DOS","16.000,00",8
"ENGSEL TIPIS HINGES 2","1.000,00",
"LOT TUKANG 200GR","16.000,00",2
"LAKER ANGKONG","11.000,00",56
"KNEE DRAT KUNINGAN 1/2","8.000,00",
"KNEE DRAT KUNINGAN 3/4","12.000,00",
"KUNCI PAS 8","10.000,00",7
"KUNCI PAS 10","10.000,00",7
"KUNCI PAS 12","10.000,00",7
"KUNCI PAS 14","13.000,00",9
"KIKIR INDIA 4","7.500,00",
"GRENDEL 18","33.000,00",
"GRENDEL 24","40.000,00",
"KIKIR VSM GG KARET","7.000,00",13
"BATU ASAH KECIL","9.000,00",3
"BATU ASAH BESAR","10.000,00",
"AMPLAS LEMBAR 500","3.500,00",75
"AMPLAS LEMBAR 1500","3.500,00",67
"AMPLAS ROLL 60","7.500,00",52
"GRENDEL GOMEO 4","6.000,00",
"PAKU 12 CM","16.000,00",-2
"PAVING TEBAL 8 CM","87.000,00",
"CAT ARIES 20 KG","220.000,00",6
"SENTER GE 107 FOX","20.000,00",5
"KOREK FLEXIBLE","12.000,00",8
"SENTER KEPALA VX 20","50.000,00",5
"KOREK API 04","2.000,00",42
"KOREK API 02","1.500,00",45
"SENTER KEPALA VX 24","65.000,00",4
"SENTER GE 101 FOX","19.000,00",5
"SENTER GF 660 FOX","122.000,00",
"SENTER GE 636 FOX","55.000,00",5
"SPANDEX TRANS. PET 3M","180.000,00",3
"OVERSOCK 1/2""-3/4","4.500,00",
"PASIR 1 COLT","600.000,00",-8
"BATU BELAH 1 KUBIK","275.000,00",
"LEM BAKAR B","2.500,00",99
"LEM BAKAR K/3 PCS","5.000,00",85
"SEMPROTAN TEMBAK","28.000,00",
"BAUT BLANDAR 20 CM","10.000,00",45
"RING 12MM","750,00",-28
"SPIRTUS 600ML","10.000,00",15
"THINNER B 400ML","12.000,00",
"TEMPAT GEMBOK OLAF (B)","6.000,00",
"PAKU KALSIBOT (ONS)","3.000,00",433
"MATA GERGAJI 4","28.000,00",
"ISOLASI KERTAS 2","12.500,00",
"DADUNG 2MM","350,00",32
"BENANG NILON PTH (B)","4.000,00",53
"METERAN ANATA 3M","17.000,00",11
"METERAN ANATA 5M","21.000,00",2
"LEM RUGLUE 60GR","15.000,00",169
"LEM PIPA ISARPLAS","8.500,00",1
"KNEE DRAT DLM 3/4","5.500,00",18
"KNEE DRAT DLM 1/2","4.500,00",
"TEE DRAT DLM 1/2","6.000,00",
"TEE DRAT DLM 3/4","6.500,00",
"BENDRAT PUTIH","20.000,00",-29
"PAKU BETON GDO DOS 4CM","24.000,00",
"CAT AVIAN K&B SW 100CC","15.000,00",
"CAT AVIAN K&B 192 100CC","15.000,00",
"CAT AVIAN K&B 911 100CC","15.000,00",
"CAT AVIAN K&B 650 100CC","15.000,00",
"CAT AVIAN K&B SBM 100CC","15.000,00",
"CAT AVIAN K&B 733 100CC","15.000,00",
"CAT AVIAN K&B 465 100CC","15.000,00",
"CAT AVIAN K&B SB 100CC","15.000,00",
"CAT AVIAN K&B 301 100CC","15.000,00",
"WATERMUR 1/2"" ISCO","8.500,00",8
"WATERMUR 3/4"" ISCO","9.000,00",8
"WATERMUR 1"" ISCO","11.000,00",10
"WATERMUR 1 1/4"" CISAL","26.000,00",9
"WATERMUR 1 1/2"" CISAL","32.000,00",9
"SOCK DRAT DLM 1/2","4.000,00",
"KARET PAKU PAYUNG BENING","2.500,00",75
"KRAN ONDA 1/2","38.000,00",
"BATAKO","2.800,00",-150
"METERAN 30M","68.000,00",-2
"PIPA GMT 2","43.000,00",
"MILL BESAR","28.000,00",208
"NO DROP 009 20KG","1.185.000,00",2
"CAT AVIAN K&B 755 0.5L","54.000,00",
"CAT AVIAN K&B 731 0.5L","54.000,00",
"CAT AVIAN K&B 480 100CC","15.000,00",
"ARIES SW 5KG","63.000,00",
"BOYO CLEAR 1KG","95.000,00",12
"TAMBAL TALANG NO DROP","10.000,00",22
"SOLASI COKLAT","11.000,00",12
"STOP KRAN MDN 1/2","9.000,00",
"WD 40","65.000,00",
"DOP DRAT LUAR 1/2"" RUCIKA","2.500,00",583
"DOP DRAT LUAR 3/4"" RUCIKA","3.000,00",360
"RESIBON NIPPON 4X6","17.000,00",66
"BAUT ROFING 5CM","650,00",-264
"KUAS INS 3","8.000,00",
"REL LACI 30 CM","15.000,00",21
"NYM 2X1,5 PULUNG","410.000,00",
"LAMPU 80 WATT","105.000,00",
"BESI 22MM","375.900,00",
"SEMEN KILOAN","2.000,00",-61
"OVER SOCK 1 1/4-1","7.000,00",
"KNEE KDD 3/4 - 1/2","9.500,00",26
"STOP KRAN MDN 3/4","19.000,00",12
"CAKAR AYAM 60*60","135.000,00",
"PIPA LISTRIK","7.500,00",22
"LASTOK 2.6","42.000,00",35
"SEKRUP GYPSUM 2","500,00",
"MILL KECIL","14.000,00",-3
"PAKU PAYUNG","3.500,00",-23
"FITTING HIAS KOTAK CEMBUNG BROCO","12.000,00",33
"CAKAR AYAM 50X50 8MM","55.000,00",-4
"KUAS LUKIS 6MM","3.000,00",-3
"PASIR B","2.000.000,00",
"KUAS ROLL INDACO","55.000,00",32
"KUAS ROLL AVIAN","29.000,00",
"ANGKONG HONXI","700.000,00",
"BAUT ROFING KUNING 5CM DOS","160.000,00",
"PAVING TEBAL 8 CM","87.000,00",
"REFILL BULU KUAS 4","4.000,00",
"STEROFOAM","90.000,00",1
"KAPUR TULIS","12.000,00",-2
"STEPLES TEMBAK FUJIYAMA","80.000,00",8
"ISI STAPLES TEMBAK","26.000,00",
"KUAS LUKIS 8MM","4.000,00",1
"PENGHAPUS","2.500,00",
"TALI PRAMUKA","8.000,00",
"PIGMEN BLACK CONC","87.000,00",
"PIGMEN BLUE FBL","150.000,00",
"PIGMEN RED FFG","150.000,00",
"PIGMEN GOLDEN YELLOW","120.000,00",
"PENSIL FC","5.000,00",
"CUTTER KENKO KECIL","10.000,00",
"MENI MEIJI","68.000,00",
"CAKAR 40X40 8MM","48.000,00",
"REXCO 25 120ML","30.000,00",
"REXCO 50 220ML","35.000,00",
"POMPA SPD PJG IGM","75.000,00",4
"KUAS INS 1","3.000,00",
"KUAS INS 2","5.000,00",
"TANG STAVIC USA 8","40.000,00",
"PIPA PPR 3/4 PN 10","70.000,00",60
"KNEE 3/4 PPR","10.000,00",
"STEKER T LB3","21.500,00",
"SOCK PPR 3/4","8.000,00",
"KRAN ONDA 3/4","55.000,00",60
"PIPA GMT 4","92.000,00",
"TEE 4","50.000,00",
"BESI SIKU","130.000,00",
"KUAS TIKA 1 1/2","25.000,00",
"BONDEX 5M 0.75","125.000,00",1
"ENGSEL GOMEO 2","4.000,00",
"METERAN ESSEN 3 M","17.000,00",8
"METERAN ESSEN 5 M","28.000,00",23
"METERAN ESSEN 7,5 M","40.000,00",8
"COR BETON K 300","855.720,00",
"BESI 10 MM W","77.700,00",
"BESI 19 MM W","306.500,00",
"WERMESH 6 MM W","402.611,00",
"BESI 22 MM W","375.900,00",
"KUAS INDACO 1.5","14.000,00",
"SOLAR","10.000,00",-25
"PIPA LISTRIK BOSS","15.000,00",
"NAT KERAMIK GM 1 KG","17.000,00",31
"AMPLAS SUSUN 60","7.000,00",39
"SEALTAPE STAYVIC","2.000,00",-3
"SELANG SHOWER STALION","35.000,00",-4
"KOMPON CEPUK","10.000,00",1
"BESTMITTEL","35.000,00",128
"WATERPASS 9"" ELGLADIO","15.000,00",11
"SEALENT AMICO","35.000,00",-24
"MATA BOR BESI HSS 5MM","20.000,00",20
"MATA BOR BESI HSS 6.5MM","25.000,00",2
"MATA BOR BESI HSS 8MM","48.000,00",6
"PLASTIK COR 04","98.000,00",2
"KUNCI RING PAS 8 MM","9.500,00",8
"KUNCI RING PAS 10 MM","11.500,00",7
"KUNCI RING PAS 12MM","12.500,00",8
"KUNCI RING PAS 14MM","15.000,00",8
"REGULATOR","58.000,00",-1
"REGULATOR+SELANG","85.000,00",-2
"JET SHOWER STALLION","25.000,00",-1
"JET SHOWER MULLER","95.000,00",
"SELANG WASTAFEL","12.000,00",2
"STOP KRAN VIPER 1/2","11.000,00",
"SARINGAN TALANG 3","16.000,00",
"SARINGAN TALANG 4","20.000,00",
"OBENG CAVANNI 4","10.000,00",
"KUNCI BOR TUSCON","18.000,00",5
"KUNCI BOR AST 10MM","9.000,00",4
"KUNCI BOR AST 13MM","11.000,00",3
"KUNCI PIPA 12"" KODAI","65.000,00",5
"KUNCI PIPA 14"" KODAI","78.000,00",5
"LAKBAN BENING","9.000,00",46
"LAKBAN COKLAT OZZC","8.000,00",6
"ISOLASI KERTAS KECIL","9.000,00",69
"ISOLASI KERTAS GREYHND","12.000,00",
"DOUBLE TAPE FOAM","8.000,00",59
"PALU KAMBING 12"" YST","30.000,00",5
"PALU KAMBING 16"" YST","34.000,00",6
"KUAS LUKIS 10MM","5.000,00",8
"KUAS LUKIS 12MM","6.000,00",8
"COR BETON K175","737.000,00",
"SUPPORT PUIPE ATAS","10.500,00",
"SUPPORT PIPE BAWAH","10.500,00",
"U-HEAD 60","5.250,00",
"MAIN FRAME 190","8.400,00",
"MAIN FRAME 170","7.350,00",
"CROSS BRACE 220","4.725,00",
"JOIN PIN","1.575,00",
"BASE JACK 60","5.250,00",
"KUAS MDN 5","23.000,00",-2
"TEE Y AW 4","195.000,00",
"TEE Y 4X5","230.000,00",-20
"TEE Y AW 6","415.000,00",
"SOCK AW 6X5","133.000,00",-5
"TEE WAVIN 4","45.000,00",
"TEE WAVIN 5","75.500,00",
"TEE WAVIN 6","125.000,00",
"TEE WAVIN 3/4 X 1/2","5.000,00",5
"PIPA WAVIN 6"" AW","670.000,00",4
"SABIT BESAR","65.000,00",
"SABIT TANGGUNG","75.000,00",
"SPLIT 1-2","225.000,00",
"COR K-175","737.000,00",
"METERAN AIR AMB","90.000,00",10
"BAUT ROFING 8 CM","180.000,00",
"DEXTRO 740 BLCK 800GR","95.000,00",1
"DEXTRO 738 WHT 800GR","95.000,00",10
"DEXTRO 750 BM 800GR","95.000,00",8
"DEXTRO 710 CKL-M 800GR","95.000,00",3
"DEXTRO 712 GOLD 800GR","95.000,00",1
"DEXTRO 83 CKL-T 800GR","95.000,00",7
"DEXTRO 84 MRH-HT 800GR","95.000,00",3
"DEXTRO 903 BRU-M 800GR","95.000,00",
"DEXTRO 722 KNG-M 800GR","95.000,00",2
"DEXTRO 88 ALM 800GR","95.000,00",
"DEXTRO 804 VERM 800GR","95.000,00",3
"DEXTRO 802 ORG 800GR","95.000,00",3
"DEXTRO 728 KNG 800GR","95.000,00",3
"DEXTRO 606 BRU-M 800GR","95.000,00",3
"DEXTRO 604 ABU 800GR","95.000,00",3
"DEXTRO 504 HJU-M 800GR","95.000,00",1
"DEXTRO 45 HJU 800GR","95.000,00",3
"DEXTRO 520 HJU-T 800GR","95.000,00",2
"DEXTRO 740 BLC 1/2KG","55.000,00",3
"DEXTRO 738 WHT 1/2KG","55.000,00",5
"DEXTRO BM 1/2KG","60.000,00",
"DEXTRO 710 CAN-BRW 1/2KG","55.000,00",3
"DEXTRO 712 GOLD-HNY 1/2KG","55.000,00",8
"DEXTRO 83 CKLT 1/2KG","55.000,00",7
"DEXTRO 84 CKLT-T 1/2KG","55.000,00",3
"DEXTRO 903 B-BLUE 1/2KG","55.000,00",3
"DEXTRO 722 KNG-C 1/2KG","55.000,00",3
"DEXTRO 88 ALM 1/2KG","55.000,00",2
"DEXTRO 804 VERM 1/2KG","55.000,00",8
"DEXTRO 802 F-ORG 1/2KG","55.000,00",3
"DEXTRO 728 KNG 1/2KG","55.000,00",3
"DEXTRO 606 T-BLUE 1/2KG","55.000,00",3
"DEXTRO 604 ABU 1/2KG","55.000,00",8
"DEXTRO 504 HJU-M 1/2KG","55.000,00",1
"DEXTRO 45 HJU 1/2KG","55.000,00",3
"DEXTRO 520 HJU-T 1/2KG","55.000,00",2
"DEXTRO 738 WHT 100GR","15.000,00",-1
"DEXTRO 740 HTM 100GR","15.000,00",-3
"DEXTRO 804 VERM 100GR","15.000,00",-2
"DEXTRO 802 F-ORG 100GR","15.000,00",
"DEXTRO 197 UNGU 100GR","15.000,00",
"DEXTRO 193 PINK 100GR","15.000,00",-2
"DEXTRO 520 HJU 100GR","15.000,00",-4
"DEXTRO 88 ALM 100GR","15.000,00",-1
"DEXTRO BM 100GR","15.000,00",-1
"DEXTRO 903 BLUE 100GR","15.000,00",-3
"DEXTRO 720 KNG 100GR","15.000,00",-4
"RAVIA 1KG","18.000,00",-6
"BAMBU PETUNG","190.000,00",
"MAKET","15.000,00",-15
"SPON","120.000,00",
"VIBER BENING","85.000,00",5
"ANGKONG ARCO","850.000,00",17
"PASIR BLANTAK","1.320.000,00",-1
"PASIR M","2.500.000,00",
"BATU BELAH 1 RIT","2.500.000,00",
"SPLIT 1RIT","2.310.000,00",-2
"BIS COR 60 CM","200.000,00",
"NYM ALIS 2X1.5","141.700,00",
"LED 8 WATT WANDI","429.000,00",-3
"ADP LED STRIP","6.600,00",5
"VEILON MERAH","6.500,00",
"ALTI","6.500,00",-5
"VEILON BIRU","6.500,00",
"VEILON YELOW","6.500,00",
"BOHLAM CAFE","35.000,00",20
"VITTING CAFE","87.600,00",
"CAM STATER","100.800,00",
"BAK WARNA","8.000,00",
"MATA OBENG SAB","2.500,00",10
"LOSTER JARING KECIL","20.000,00",23
"LOSTER JARING BESAR","22.000,00",1
"PIPA WAVIN 2"" D","65.000,00",18
"KESET","8.000,00",
"PEL AIR","20.000,00",
"PEL AIR D","23.000,00",
"SIKAT WC","11.500,00",
"KOROK WC","8.000,00",
"SULAK RAPIA","7.000,00",
"SAPU MERAK","15.000,00",
"IKRAK","16.500,00",
"EMBER HITAM","21.000,00",
"TUSEN","25.000,00",-2
"TC-15","18.000,00",25
"BAUT FISHER 1000/3","1.000,00",86
"HOLO 4X4 BESI","173.000,00",
"HOLO 4X6 BESI","234.000,00",-3
"TRIPLEK 18MM","212.400,00",
"BOR LISTRIK RYU 20V","1.260.000,00",
"GERGAJI BESI SANDFLEX","16.000,00",78
"SEKOP KAYU","40.000,00",5
"KLEM KABEL BAGUS 8MM","9.000,00",-2
"SIKAT KAWAT BAJA","10.000,00",9
"TALI DADUNG 2 MM","16.000,00",7
"RAFIA B","21.000,00",-9
"DEMPUL ALPA","35.000,00",-15
"PAKU KALSIBOT DOS","20.000,00",
"SENG 240CM","55.000,00",18
"LOSTER KOTAK","12.000,00",7
"KABEL FURANO NYA","2.200,00",-23
"PAKU PAYUNG 7 CM 1 KG","23.000,00",4
"PAKU PAYUNG 7 CM 100 GRAM","4.000,00",18
"SELANG TIMBANG TRILIUN 1 METER","2.000,00",65
"MILL BESAR UNTUK UMUM","25.000,00",4
"PIPA WAVIN 6"" D","519.000,00",4
"KASO DUREN 2,5M","16.000,00",
"KABEL NYM ETERNA 3X2.5","1.150.000,00",5
"ANAK KUNCI MDN 60MM L","30.000,00",2
"ANAK KUNCI MDN 60MM S","27.000,00",11
"MEIJI 20 KG","1.060.000,00",6
"TINER SUPER (A)","16.000,00",-3
"DEXTRO 200CC","30.000,00",-14
"RAFIA K","1.500,00",-3
"CAT AVIAN K&B 178 0.5L","54.000,00",
"RENG MERANTI 2M","32.000,00",-5
"MATA BOR BETON SDS CPT 6 MM","15.000,00",4
"MATA BOR BETON SOLID SDS 8 MM","26.500,00",14
"MATA BOR BETON SOLID SDS 10 MM","30.000,00",4
"MATA BOR BETON SOLID SDS 12 MM","38.000,00",14
"BIS 80 CM","115.000,00",
"GRENDEL 6"" OZIL","6.500,00",16
"GRENDEL 8"" OZIL","10.500,00",10
"GRENDEL JEPIT KUNING","2.500,00",-4
"GULA PASIR","957.000,00",
"TEH","30.000,00",-39
"GOLDI T 01","50.000,00",
"GOLDI T 04","60.000,00",
"GOLDI DC 1/2","28.000,00",-25
"GOLDI DLS 1/5","34.500,00",-11
"CAT AVITEX 1 KG SB","53.000,00",4
"CAT AVIAN K&B SB 0.5L","54.000,00",
"SERAT VIBER","12.000,00",-33
"NO DROP 001 1 KG","68.000,00",-1
"NO DROP 001 4 KG","296.500,00",8
"KARPET TALANG 60 CM","14.000,00",150
"KARPET TALANG 70 CM","15.000,00",7
"PAKU BETON GDO DOS 3CM","18.000,00",
"KABEL NYYHY 2X1/2","12.500,00",-33
"PAKU RIVET 440 PER PCS","250,00",-267
"RAM NYAMUK","20.000,00",
"SKOP BESI","75.000,00",
"RAM GALVANIS","15.000,00",-23
"PIPA GMT 3","75.000,00",
"KARET FISHER S8","100,00",-285
"ENGSEL GOMEO 4","24.000,00",
"OBAT RAYAP","15.000,00",-1
"RACUN TIKUS SUPER","5.000,00",-4
"OBAT TINGGI","15.000,00",
"RACUN TIKUS ROTAX","8.000,00",
"LEM FOX KALENG 70GR","15.000,00",15
"UZIN SC 50 GREY","107.000,00",
"UZIN SC 50 WHITE","107.000,00",
"PIPA WAVIN 4"" AW","475.000,00",30
"PINTU BIASA","230.000,00",-6
"TALANG KOTAK PVC","75.000,00",11
"DUDUKAN TALANG KOTAK","6.500,00",8
"EMBER COR MP GLOSS","8.000,00",171
"KNEE WAVIN 6","123.000,00",
"TEE WAVIN 6X4","174.500,00",
"KNEE WAVIN 6"" 45","95.000,00",
"TEE DDL WAVIN 1/2","15.000,00",
"METERAN MULLER 3 M","25.000,00",23
"METERAN MULLER 5 M","32.000,00",12
"METERAN MULLER 7.5 M","50.000,00",19
"DEXTRO 710 100G","15.000,00",-2
"CAT KAYU & BESI ENVY 956","80.000,00",4
"CAT KAYU & BESI ENVI 956 0.9L","88.000,00",-7
"TALANG U","62.500,00",
"TALANG U PUTIH","68.500,00",
"AKSESORIS GANTUNGAN TALANG","3.500,00",
"TUTUP TALANG","3.500,00",-4
"CORONG TALANG","9.500,00",-1
"SAMBUNGAN TALANG","3.000,00",-2
"TALANG KARPET 1M","20.000,00",-10
"THINNER DRIGEN 20L","440.000,00",
"PLASTIK COR 0.3","7.000,00",
"KRAN PVC HMS 1/2 INCH","15.000,00",62
"KNEE WAVIN 1 1/4","11.500,00",28
"LIST KERAMIK 8X25","10.000,00",240
"GENTING PASIR 80X80","28.000,00",
"MORTAR GRAMETINDO","80.000,00",40
"KERAMIK 25X25","63.000,00",-10
"LED SOLAR 50 W","126.000,00",
"KAYU LIST","5.500,00",-10
"SPEDOL HITAM","15.000,00",
"DEMPUL ALPA 800","65.000,00",9
"LEM KRAMIK/GRANIT","92.000,00",
"OVERSOCK 4""X3","10.000,00",
"BLABAK COR","15.000,00",75
"PEREKAT HERBEL GM 990 UMUM","80.000,00",110
"BENANG NILON MERAH","6.000,00",
"GERGAJI HERBEL KAYU","18.000,00",-2
"PIPA WAVIN 3/4"" AW","36.000,00",19
"PIPA GMT 3/4","30.000,00",-5
"PIPA WAVIN 1/2"" AW","28.000,00",27
"CETOK GAGANG KARET","22.000,00",106
"KABEL TELEPON","130.000,00",1
"CLEAN OUT 4","18.000,00",
"KABEL TELEPON ABU 1 M","2.000,00",
"SELANG SUPRA 3/4","13.000,00",
"MCB SNEIDER","55.000,00",
"BOR PAGODA 4-20MM","40.000,00",
"TAMBAL TALANG EKO","15.000,00",-10
"AMPLAS ROLL 80","7.500,00",25
"AMPLAS ROLL 120","7.500,00",43
"SEALTAPE REYNER JUMBO","6.500,00",10
"KUAS ROLL 9"" TOM","16.000,00",22
"REL LACI 16"" VERSA","22.000,00",
"REL LACI 18"" RENAGA","25.000,00",
"KUAS GOMEO 4","13.500,00",
"KUAS GOMEO 3","10.000,00",
"KUAS GOMEO 1","3.500,00",
"KUAS GOMEO 2 1/2","8.000,00",
"KUAS GOMEO 2","5.500,00",50
"KUAS GOMEO 1 1/2","5.000,00",59
"PAKU PAYUNG 5 CM","25.000,00",37
"PIPA PPR 50MM","280.000,00",
"COUPLER PPR 50MM","25.500,00",
"PIPA PPR 63MM","435.000,00",
"COUPLER PPR 25MM","9.000,00",
"ELBOW PPR 90' 25MM","15.000,00",
"PIPA PPR 25MM","75.000,00",
"SPIDOL KECIL","2.500,00",40
"ECOLIS EMERGENCY 12W","45.000,00",6
"ECOLIS EMERGENCY 18W","45.000,00",10
"ECOLIS EMERGENCY 23W","50.000,00",4
"TESPEN ELEKTRIK","45.000,00",7
"pompa","10.725.000,00",-2
"WERMESH 08","693.000,00",-140
"LEPAN EW","15.000,00",-8
"KAWAT GALVANIS","13.000,00",-18
"BAUT BLANDAR 15 CM","9.000,00",139
"ROL STAYVIC ISI ULANG","4.000,00",24
"METERAN TEKIRO","65.000,00",4
"SOCK 4X2","66.000,00",-6
"SOCK 5X4","110.000,00",-6
"RESPLANG","71.500,00",-27
"PLASTIK 1,5 M 08","215.000,00",-2
"BAUT GYPSUM FAST","180.000,00",
"SPEDOL PUTIH","6.000,00",-2
"PAKU RIVET 540 PER PCS","350,00",-366
"SEPATU BOOT UKURAN 42 KUNING","90.000,00",
"SEPATU BOOT UKURAN 43 HITAM","95.000,00",4
"TALANG KARPET HTM 70","22.000,00",
"TALANG KARPET HTM 60","18.000,00",-2
"KNEE WAVIN 1","6.500,00",
"HOLO GALV 4X4 0.6","46.000,00",
"HOLO GALV 2X4 0.6","34.000,00",
"PLAFON GYPSUM","85.000,00",
"KOMPON A+","75.000,00",4
"OVER SOCK 5X6","90.000,00",-4
"KNEE 45' 4","65.000,00",
"SIKA 215","150.000,00",-15
"MATA OBENG PLUS TKR","8.500,00",38
"TARIKAN LACI CRD 162","12.000,00",-18
"TARIKAN LACI CRD 163","12.000,00",
"TARIKAN LACI CRD 165","12.000,00",
"PISAU POT. KER. BOSCH","72.000,00",7
"RODA PAGAR 2"" BNC","24.000,00",10
"RODA PAGAR 3"" RUSH","40.000,00",10
"ACIAN PUTIH GM 880","100.000,00",16
"MORTAR D1","90.000,00",-11
"KNEE DRAT DLM 1/2X3/4","5.000,00",166
"TEE DRAT DLM 1/2X3/4","8.000,00",100
"SOCK 2X1/2","14.000,00",45
"SOCK 2X3/4","15.000,00",45
"KNEE 45 3","70.000,00",
"GATE VALVE 2-1/2"" KUNINGAN","2.157.125,00",4
"KABEL ETERNA NYA 1,5 MERAH","225.000,00",-2
"KABEL ETERNA NYA 1,5 HITAM","225.000,00",-2
"KABEL ETERNA NYA 1,5 KUNING","225.000,00",
"KABEL ETERNA NYA 2,5 MERAH 100M","704.000,00",1
"KABEL ETERNA NYA 2,5 HITAM 100M","705.000,00",-3
"KABEL ETERNA NYA 2,5 KUNING 50M","367.500,00",
"KABEL ETERNA NYA 2,5 BIRU 100M","704.000,00",
"NYA SUPREME 2,5 MERAH","660.000,00",-3
"NYA SUPREME 2,5 BIRU","660.000,00",-4
"NYA SUPREME 2,5 KUNING","660.000,00",-3
"NYA SUPREME 2,5 HITAM","660.000,00",-3
"NYA SUPREME 1,5 MERAH","443.300,00",-3
"NYA SUPREME 1,5 HITAM","443.300,00",-3
"NYA SUPREME 1,5 KUNING","443.300,00",-3
"SEELANG FLEXSIBEL 3/4","75.000,00",
"SELANG FLEXSIBEL 3/4","650.000,00",
"KLEM NO 19","18.000,00",-10
"KABEL NYM ETERNA 3X4","1.815.000,00",-1
"ENGSEL GOMEO SN 3","15.000,00",
"ENGSEL GOMEO GP 3","15.000,00",
"PISAU POT. KER. TORA","60.000,00",5
"PEREKAT KRAMIK GM 550","95.000,00",48
"KAIN KASA","7.500,00",-37
"OVERSOCK WAVIN 1 1/2X1"" AW","10.000,00",-18
"OVERSOCK WAVIN 1 1/2X1/2"" AW","8.000,00",-5
"KERAMIK 30X30 SIGNATURE ASHEN MATTE WHIE","73.000,00",-70
"KERAMIK 25X40 ACCURA CLAIRE GREY","68.500,00",-168
"KERAMIK 25X25 KOBIN NEWTON GREY","71.000,00",-53
"CAT KAYU & BESI ENVI 957 0.9L","88.000,00",-12
"BESI 13 TS420","142.500,00",
"STOP KRAN 1 1/4","264.000,00",-4
"OVER SOCK 1 1/4 X 1 1/4","13.200,00",-1
"KABEL CCAW 2X1.5","8.500,00",-63
"THINNER BOTOL","14.000,00",78
"DOP PVC 1-1/4","10.000,00",-1
"SOCK DRAT PPR 50MM","349.475,00",
"KNEE DRAT PPR 25 X1/2","48.525,00",
"REDUCER PPR 50 X 25","18.700,00",
"TEE PPR 50X 25","54.900,00",
"TEE PPR 50","39.600,00",
"TEE PPR 25","7.925,00",
"KNEE PPR 50","31.700,00",
"FLANGE 2","51.600,00",
"FLANGE 2X2","115.175,00",
"NODROP 003 1 KG","80.000,00",
"KDD KUNINGAN 1/2 X 3/4","18.700,00",
"SDD KUNINGAN 1/2 X 3/4","18.700,00",
"TEE 1 1/4 X 3/4","13.200,00",7
"TEE 1 1/4X 1 1/2","16.500,00",4
"TEE 1 1/2 X 3/4","14.300,00",24
"SERAT VIBER 27/52","6.000,00",600
"PAKU RIVET 640 PER PCS","400,00",-118
"AM PENYAMBUNG BETON","65.000,00",
"DADUNG 1.5 MM","15.000,00",-8
"WIREMESH 6MM","390.000,00",-32
"BEGEL 9X12","18.000,00",50
"SEMEN PUTIH","90.000,00",18
"SEMEN PUTIH KG","3.000,00",-38
"LAMPU DINDING WANDI KOTAK 6147/2ARAH","126.500,00",
"KABEL NYAF KITANI 6MM MERAH","25.300,00",
"NYY SUPREME 4X10","150.700,00",20
"SE BROCO NEW GEE IB","12.000,00",
"S/S BROCO SEGI OB","17.000,00",
"BATU ALAM 20X40 /M2","145.000,00",-10
"K.30X30 ASHEN MATTE WHITE","67.100,00",
"K 25X40 ACCURA CLAIRE GREY","62.700,00",
"K 25X25 KOBIN NEWTON GREY","64.900,00",
"GRANIT 60X60 OCEANIA CAVALIER","132.275,00",-216
"STOP KRAN GOLDY 1/2","28.000,00",30
"KIKIR BAHCO","40.000,00",15
"BAK CAT PRIMA","17.600,00",20
"BAK CAT PRIMA","17.600,00",
"KUAS ROLL REFIL 230 MM","19.250,00",-6
"JOTUN 1154 OLD CREAM","3.298.900,00",
"IKRAK HITAM","18.000,00",7
"KRAN YSK 1/2","15.000,00",11
"PHILIPS LED MYCARE 8W","38.175,00",10
"PHILIPS LED MYCARE 10W","43.125,00",10
"PHILIPS LED MYCARE 14,5W BSR","59.550,00",
"SOCK BOSS 20MM PUTIH","2.000,00",254
"KLEM YANS NO.17","8.000,00",58
"CAT AVIAN K&B 480 0.5L","54.000,00",
"CAT AVIAN K&B 652 0.5L","54.000,00",
"CAT AVIAN K&B 606 0.5L","54.000,00",
"CAT AVIAN K&B 671 0.5L","54.000,00",
"CAT AVIAN K&B 650 0.5L","54.000,00",
"CAT AVIAN K&B 752 0.5L","54.000,00",
"CAT AVIAN K&B SW 0.5L","52.000,00",
"HANNOCHS GENIUS 6W","62.000,00",5
"HANNOCHS GENIUS 8W","67.000,00",4
"HANNOCHS GENIUS 10W","78.000,00",5
"HANNOCHS GENIUS 12W","89.000,00",5
"HANNOCHS GENIUS 15W","109.000,00",2
"SIKA 107 SET GALON","489.500,00",-28
"LEPAN KAYU","16.000,00",14
"STOP KONTAK DEXTA 4 1,5M","12.000,00",4
"ALAT LEM TEMBAK KENMASTER","35.000,00",4
"ALAT LEM TEMBAK WINSON","30.000,00",1
"KUAS YOZURI 2","8.000,00",
"KUAS INDACO 2.5","20.000,00",
"SEKRUP 1 1/4","200,00",-155
"STOP KONTAK BROCO 1","14.500,00",-4
"AMPLAS ROLL 240","7.500,00",12
"MDN FOOT KLEP PVC 1","10.000,00",
"JOTUN 18L JOTASHIELD BASE C","3.423.200,00",
"JOTUN 18L JOTASHIELD BASE A","3.498.000,00",
"JOTUN JOTASHIELD PRIMER","1.454.200,00",
"CATYLAC 1501 PL","839.000,00",
"SET GL 75X40 1 LUBANG SAYAP+AVUR","150.000,00",-4
"KRAN AFOS 006H BCF","105.000,00",-4
"KABEL NYNH 2X1 1/2","15.000,00",-1
"PIPA WAVIN 2"" AW","98.000,00",52
"PIPA WAVIN 3"" AW","200.000,00",67
"PIPA WAVIN 1"" AW","48.000,00",10
"PIPA WAVIN 3"" D","160.500,00",36
"K.606 PUTIH BAGUS","81.000,00",
"K.SIRIP PUTIH BAGUS","101.000,00",
"KUNCI SLEDING DEXON","101.500,00",
"HANDLE BAMBU WH","23.000,00",
"RIVET ATT WHT 440","88.000,00",
"SENTEKAN CA","7.000,00",
"EC 10 DEKSON 3 PROF","80.500,00",
"EC 14 DEKSON 3 PROF","129.000,00",
"SIELENT SOSIS","42.000,00",
"UZIN SC.200 GREY","129.000,00",
"SEKRING OTOMATIS NEW PALLAS 10A","15.000,00",4
"KRAN GOLDY 1/2","28.000,00",
"GOLDY FLEKSIBLE HOSE GFH 50","36.500,00",9
"GOLDY FLEKSIBLE HOSE GFH 40","33.000,00",12
"GOLDY FLEKSIBLE HOSE GFH 30","30.000,00",11
"GOLDY ANGEL VALVE 01","52.000,00",3
"GOLDY ANGEL VALVE 02","61.000,00",9
"GOLDY ANGEL VALVE 03","66.000,00",6
"GALVALUM KANAL C75A PRESTIGE","83.000,00",
"GALVALUM KANAL C75A STD MTD","95.000,00",47
"KNEE WAVIN 5"" 45D","93.000,00",
"GRENDA POT KAYU YOZURI 4X40","32.000,00",5
"GRENDA POT KAYU FUJIYAMA 4X72","20.000,00",-1
"GRENDA POT KAYU FUJIYAMA 7X24","70.000,00",
"RODA HIDUP 3"" FUKUDA +REM","28.000,00",-1
"RODA HIDUP 4"" FUKUDA + REM","47.500,00",-2
"SEKRUP BARING 10X19 DOLPHIN","350,00",717
"SEKRUP BARING 10X16 DOLPHIN","300,00",470
"SEKRUP BARING 10X16 DOLPHIN","300,00",
"SEKRUP BARING 10X19 DOLPHIN","350,00",
"SELANG FLEKSIBEL ANYAMAN 60CM","18.000,00",9
"GERGAJI HERBEL CAB 18","28.000,00",
"GRENDEL WANLY 2","5.500,00",
"SOLASI BENING KECIL","2.000,00",35
"GOLDTAPE HITAM","3.000,00",18
"SEALTAPE ONDA 1","13.000,00",
"UZIN PLASTER 50KG","95.000,00",
"PINTU KACA","350.000,00",
"CARBON BRUSH","9.000,00",
"OVERSOCK 2X1 1/4","15.000,00",-6
"OVERSOCK 1 1/4X3/4","8.000,00",-4
"ENGSEL TIPIS HINGES 1 1/2","1.000,00",
"ENGSEL TIPIS HINGES 1","1.000,00",
"KUNCI PINTU BESAR BUDDY 333L","95.000,00",5
"KUNCI PINTU TANGGUNG BUDDY 555M","85.000,00",4
"KUNCI PINTU TANGGUNG BUDDY 222L","85.000,00",4
"DRYWALL PER 6 PCS","1.000,00",-7
"PAKU NAIL2000 1"" (ONS)","4.000,00",36
"PAKU NAIL2000 3/4"" (ONS)","4.500,00",38
"SELANG FLEKSIBEL 20MM NISO","137.500,00",
"NYM SUPREME 100M 2X15","1.375.000,00",-1
"NYA SUPREME 1.5 100M BIRU","448.800,00",-1
"NYA SUPREME 1.5 100M HITAM","448.800,00",
"NYA SUPREME 1.5 100M MERAH","448.800,00",
"NYA SUPREME 2.5 100M BIRU","726.000,00",
"NYA SUPREME 2.5 100M KUNING","726.000,00",
"NYA SUPREME 2.5 100M HITAM","726.000,00",
"PHILIPS DOWNLIGHT","75.000,00",-14
"LED RGB-1C STRIP","210.000,00",4
"KLEM FORT 8MM","12.000,00",2
"STERKER T LB3 BROCO","30.000,00",40
"PL HANDLE KOTAK GF 33CM","63.000,00",3
"PL HANDLE KOTAK DOP 35CM","100.000,00",3
"PL HANDLE KOTAK HITAM 35CM","100.000,00",3
"PL HANDLE SULING HITAM 35CM","100.000,00",3
"PL HANDLE SULING DOP 35CM","100.000,00",3
"PL HANDLE KOTAK DOP 45","120.000,00",3
"PL HANDLE KOTAK HITAM 45CM","120.000,00",3
"PL HANDLE SULING HITAM 45CM","120.000,00",3
"PL HANDLE SULING DOP 45CM","125.000,00",3
"PL HANDLE K.SABIT GF 33CM","70.000,00",3
"PL HANDLE K.SABIT NTR 33CM","70.000,00",3
"PL HANDLE KOTAK NTR 33CM","63.000,00",3
"PL HANDLE SULING DOP 33CM","63.000,00",5
"PL HANDLE SULING NTR 33CM","63.000,00",3
"PL HANDLE KOTAK GF 60CM","150.000,00",2
"KRAN CABANG GOLDY 01","138.000,00",3
"KABEL ETERNA NYA 1.5 BIRU","225.000,00",8
"DINABOL 10X65","3.300,00",618
"DINABOL 10X97","3.000,00",60
"DINABOL 12X99","3.500,00",36
"DINABOL 12X129","5.000,00",108
"DINABOL 12X75","3.200,00",62
"MUR 12","750,00",
"AMPLAS ROLL 100","7.500,00",12
"AMPLAS ROLL 150","150.000,00",15
"AMPLAS ROLL 180","7.500,00",
"AMPLAS ROLL 400","7.500,00",36
"WIREMESH 8M","690.000,00",-181
"KNEE GRESS 4","18.000,00",
"NYY SUPREME 4X6 100M","8.497.500,00",
"DRYWALL 1000 3","1.000,00",-16
"HANNOCHS 45W JARI","85.000,00",2
"PHILIPS DL ERDANI 10W","73.000,00",19
"PHILIPS LED TF ESS 22W","46.000,00",
"SKUN PUMA 50MM","16.000,00",
"BUSBAR SCREW TF850 FORT NOLARDE","35.000,00",
"BUSBAR SCREW FTB800 FORT PLUS","57.000,00",
"MCB SNEIDER DOMAE 1P 10A","85.000,00",-2
"MCCB SCHNEIDER 50A EZC100F3050","712.000,00",
"PILOT LAMP + AMPERE METER BULAT","55.000,00",
"STOP KONTAK PANASONIC","20.000,00",
"SAKLAR PANASONIC DOUBLE","35.000,00",
"KABEL NYM ETERNA 2X1.5 50M","665.500,00",2
"OVERSOCK WAVIN 1X1/2","5.500,00",-25
"SEPATU BOOT ANDO HITAM 39","95.000,00",4
"TANG ANATA","55.000,00",11
"DOOR CLOSER POPEYE","125.000,00",8
"KNEE RUCIKA DV 4","35.000,00",
"TEE RUCIKA TS 3X1 1/4","46.000,00",20
"SOCK DRAT DLM KUNINGAN 1/2X3/4","20.000,00",10
"KNEE DRAT DLM KUNINGAN 1/2X3/4","20.000,00",
"STOP KRAN ONDA POLOS 1 1/4","82.000,00",10
"KLEM BOSS 5/8","2.000,00",190
"PISAU POT. KER. MAKITA","40.000,00",7
"STOP KRAN GOLDY 3/4","32.000,00",
"NAT KERAMIK SIKA CREAM","20.000,00",-3
"PILOX SUZUKA 2050 300CC","46.000,00",6
"OVERSOCK RUCIKA AW 6X4","142.500,00",-2
"OVERSOCK RUCIKA AW 4X3","75.000,00",
"KRAN HOMECARE 3/4","10.000,00",11
"NYA SUPREME 6MM 100M KUNING","1.786.000,00",
"T DUS BOSS 20MM PUTIH","10.000,00",150
"JOTUN JOTASHIELD INVINITY C PL","3.805.000,00",
"JOTUN JOTASHIELD INVINITY A PL","3.888.000,00",-3
"METERAN ONDA 5M","42.000,00",13
"METERAN ONDA 3M","35.000,00",20
"METERAN ONDA 7.5M MTUL","68.500,00",14
"KNEE WAVIN 4"" DGY","30.000,00",8
"PIPA SET TATEYAMA","135.000,00",
"VINYL DUKTI NO LEM","15.000,00",
"VINYL DUKTI LEM","22.000,00",140
"STOP KRAN GOLDY 1","38.000,00",
"STOP KRAN GOLDY 2","100.000,00",
"KRAN GOLDY GT01","50.000,00",11
"KRAN GOLDY GT04","60.000,00",11
"KRAN GOLDY KUNING PJ 1/2","35.000,00",40
"KNEE BOSS 20MM","8.500,00",147
"WATERMUR 1"" CISAL","23.000,00",10
"MDN FOOT KLEP 3/4","9.000,00",6
"PASIR","2.145.000,00",0
"ABU BATU","2.145.000,00",-1
"BATU GLONDONG","2.200.000,00",
"PASIR AYAK","2.530.000,00",
"HERBEL AMACON","650.000,00",
"SERTU ALUS","1.320.000,00",
"PAKU BETON PTH 2"" DUS","19.000,00",
"SEKRUP GYPSUM 1 1/2"" KOREI","36.000,00",
"SEKRUP GYPSUM 1 1/2","300,00",
"SEKRUP GYPSUM 3"" DUS","43.000,00",
"SEKRUP GYPSUM 3","500,00",
"TALI TIES 200MM","15.000,00",12
"TALI TIES ECER 200MM","250,00",58
"OBAT RUMPUT MARXON","52.000,00",-2
"OVERSOCK RUCIKA 4X3 DV","24.000,00",27
"PISAU POT. MULTI BMB","55.000,00",9
"PALU KAMBING VIBER 12"" IGM","34.000,00",22
"KLEM YANS 8MM","4.500,00",135
"KLEM YANS 9MM","4.500,00",139
"HOLESAW TORA 10","18.500,00",
"HOLESAW TORA 8MM","17.500,00",5
"BALL VALVE ONDA 1 1/2 KUNINGAN","665.000,00",5
"K. SKUN SLEVE 25MM BIRU","2.000,00",
"K. SKUN SLEVE 25MM HITAM","2.000,00",
"K. SKUN SLEVE 25MM KUNING","2.000,00",
"K. SKUN SLEVE 25MM MERAH","2.000,00",
"SKUN PUMA 25MM","11.000,00",-4
"LP ROTARY MERAH + BUZER FORT","127.000,00",
"PA 4""X2.0 GALVANIS","589.000,00",
"PA 2 1/2""X2.0 MM","356.000,00",
"SIKU 48X48 21KG PTHBR","286.000,00",
"SIKU 3.8X3.8 12KG PTHBR","185.000,00",
"KABEL NYM ETERNA 2X2.5 50MM","891.000,00",
"MCB SNEIDER DOMAE 1P 20A","85.000,00",4
"PHILIPS KAP SOROT 20W","210.000,00",1
"TIMER THEBEN KM-181D","235.000,00",4
"SAKLAR PANASONIC WEJ5571","18.000,00",52
"T. SAKLAR PANASONIC 1 WEJ78019W","7.000,00",20
"T. SAKLAR PANASONIC 2 WEJ78029W","7.000,00",16
"K. SKUN 50MM ALL VARIAN","2.000,00",40
"PLASTIK FISHER S8","200,00",
"FLANGE 75","116.000,00",-6
"JOTUN JOTASHIELD ANTIFADE 1158","3.478.500,00",
"FISHER S6 + SEKRUP","20.000,00",
"ALUMUNIUM U 1X5","105.000,00",
"OVERSOCK WAVIN 3X2 AW","28.500,00",-2
"OLI","25.000,00",
"PHILIPS DL ERIDANI 23W","120.000,00",28
"PHILIPS DL ERIDANI 14W","85.000,00",10
"SAKLAR PNSC WEJP1121-7 CP","18.000,00",50
"SAKLAR EWIG 1-0-11","95.000,00",1
"KABEL TELPON SSP 1000M","825.000,00",
"WATERMUR CISAL","55.000,00",9
"PASIR 1 KARUNG","25.000,00",-2
"GRCBOARD","56.000,00",2
"RESPLANG 30X4","87.000,00",
"SEKRUP GYPSUM 1","95.000,00",
"LIS KAYU","14.000,00",
"SOCK WAVIN 1","18.500,00",
"KABEL ETERNA 2X2,5MM","18.000,00",3
"HOLESAW SOLIGEN 22MM","25.000,00",12
"GRENDER GOMEO KTK 2","14.000,00",
"AMPLAS WOOL MERAH","12.000,00",20
"AMPLAS WOOL PUTIH","12.000,00",23
"JOTUN JOTASHIELD S1010-Y10R","3.887.400,00",
"JOTUN JOTASHIELD 1111 SINAI","3.234.000,00",
"EQUAL STRAIGHT PPR WESTPEX 75MM","26.500,00",-7
"EQUAL STRAIGHT PPR WESTPEX 63MM","26.000,00",-3
"KNEE 90' PPR WESTPEX 75MM","122.000,00",-15
"PIPA PPR WESTPEX 75MM PN 10X4M","745.925,00",
"PIPA PPR WESTPEX 63MM PN 10X4M","495.500,00",
"BAUT ROFING FASTFIX 10X16","120.000,00",
"WATER NOZZLE STALLION","15.000,00",8
"KABEL BELDEN","2.700.000,00",
"CATUT FUKUDA","40.000,00",12
"BAUT BR 10X16","204.000,00",
"AVITEX GOLD SW 5KG","220.000,00",3
"PILOX SUZUKA 2053 300CC","46.000,00",3
"PILOX SUZUKA 116 300CC","36.000,00",6
"PILOX SUZUKA 124 300CC","36.000,00",6
"KNEE WAVIN 3"" DGY","21.000,00",33
"PIPA WAVIN 5"" AW","521.000,00",33
"SOCK WAVIN 1 1/2"" AW","9.000,00",40
"SOCK WAVIN 2"" AW","18.500,00",19
"SOCK WAVIN 2 1/2"" AW","21.500,00",9
"SOCK WAVIN 3"" AW","31.500,00",10
"SOCK WAVIN 1"" AW","4.500,00",94
"SOCK WAVIN 1 1/4"" AW","6.500,00",50
"KNEE WAVIN 2 1/2"" AW","27.000,00",-13
"OVERSOCK WAVIN 3X2 1/2"" AW","42.000,00",20
"OVERSOCK WAVIN 4X2"" AW","75.000,00",20
"OVERSOCK WAVIN 4X3"" AW","82.500,00",10
"OVERSOCK WAVIN 2X3/4 AW","12.500,00",19
"OVERSOCK WAVIN 2X1 AW","14.000,00",17
"OVERSOCK WAVIN 2X1 1/2 AW","16.500,00",16
"OVERSOCK WAVIN 2X2 1/2 AW","25.500,00",7
"OVERSOCK WAVIN 1 1/4X3/4 AW","6.500,00",50
"OVERSOCK WAVIN 1 1/4X1/2","6.000,00",50
"OVERSOCK WAVIN 1X1 1/4","7.500,00",46
"OVERSOCK WAVIN 1 1/2X3/4","8.500,00",23
"PIPA WAVIN 1 1/4 AW","69.000,00",21
"SEMPROT PASIR","313.500,00",
"STOP KRAN 2"" ONDA","762.850,00",-2
"PIPA PPR WESTPEX 32 MM","124.325,00",
"EQUAL STRAIGT WESPEX 32 MM","10.000,00",-5
"R STRAIGHT 75X63","43.350,00",-2
"R STRAIGT 50X32","16.500,00",-2
"TREAD MAL 32X1","77.000,00",-2
"TREAD MALE 63X2","256.300,00",-4
"SELANG TIMBANG 1/4 ONDA","2.500,00",62
"SELANG TIMBANG 5/16 ONDA","3.000,00",86
"SOCK DRAT DALAM ISCO 1/2","6.500,00",7
"SEKRUP ROFING 7CM","800,00",449
"KUAS IZM 1","3.500,00",
"KUAS IZM 3","6.500,00",
"KUAS ETERNA 1","8.500,00",
"SEKRUP GYPSUM 1"" GRT","37.000,00",17
"MATA BOR BETON IGM 10MM","12.000,00",10
"KRAN WASH. CHROME","65.000,00",6
"SEKRUP BARING 10X16 LION","250,00",1896
"BRC 90X240 6MM","302.500,00",
"TIANG TEBAL PJ 120CM","110.000,00",
"TIANG TEBAL PJ. 150CM","126.500,00",
"SARINGAN GOT APOLLO HTM","120.000,00",5
"SARINGAN GOT HF BLISTER","60.000,00",29
"BLIND FLANGE 4","256.500,00",
"FLEKSIBEL JOIN 2","582.000,00",
"DOUBLE NEPEL GALV","40.000,00",
"FLANGE GALVANIS","106.500,00",
"GATE VALVE 2 1/2 ONDA KNG","1.648.000,00",
"GATE VALVE 1 1/2 ONDA KNG","545.500,00",
"SOCK 25MM PPR PN10","12.500,00",
"SOCK DRAT LUAR PPR 2 RUCIKA","584.000,00",
"SOCK DRAT LUAR PPR 75 RUCIKA","1.077.500,00",
"KARET 2"" FLANGE","19.000,00",
"PHILIPS DL MESON 13W","125.000,00",-6
"MUR HEX 3/8 16TK14","1.400,00",
"LONG DRAT 3/8","58.000,00",
"MOWILEX ALCAPLAST","220.500,00",
"BAUT ROFING 5CM FF","183.000,00",
"BAUT ROFING 5CM FF/3PCS","2.000,00",3577
"SCRAP GG KARET 3","9.000,00",
"SCRAP GG KRT 1.5","6.500,00",
"SEKRUP GYPSUM IZM PCS","150,00",
"TAMBAL TALANG BITUMEN","12.000,00",13
"TALI TIES POPEYE 150MM","13.000,00",15
"JET SHOWER EINER 340","110.000,00",6
"KLOSET JONGKOK TRILLIUN","280.000,00",1
"MATA BOR KORING 25MM","264.000,00",
"SARINGAN GOT GOLDY 01","90.000,00",6
"KRAN CABANG GOLDY GDTS02","97.500,00",6
"GIPSUM","80.000,00",-1
"KABEL LAS","44.000,00",
"OPIT LAS 200A","40.000,00",
"KONEKTOR LAS","22.000,00",
"DOP 3"" GRESS","10.000,00",
"ALCAPLAST PREMIUM SKIMCOAT","221.000,00",
"JOTUN INVINITY 7236 CHI","3.780.700,00",-2
"JOTUN INVINITY 8054 SUNNY SPOT","4.306.500,00",-1
"CUTTER PUTAR VICO","12.000,00",13
"SEALTAPE CARNIVORE","3.500,00",140
"CAT TEMBOK ENVI 80842B 5KG","190.000,00",4
"PHILIPS MESON 24WATT","167.000,00",
"PHILIPS MESON 9W","98.000,00",
"SEKRUP GYPSUM 1"" FF","80.000,00",6
"SEKRUP GYPSUM 1,5"" FF","118.000,00",2
"PIPA MASPION PUTIH AW 6","645.000,00",
"STOP KRAN IGM 1/2","10.000,00",
"STOP KRAN IGM 3/4","13.000,00",12
"SARINGAN WASTAFEL","18.000,00",12
"JOTUN JOTA INVINITY B GL 30540 G30Y","594.000,00",
"SOCK DRAT DLM RUCIKA 2.5","22.000,00",
"WASTAFEL TOTO","470.000,00",
"SPANDEX TRANS. PET 1.1X6M","360.000,00",-5
"SPIDOL PUTIH SNOWMAN","16.000,00",12
"SPIDOL PERMANEN HITAM","10.000,00",
"MAJESTIX TRUE BEAUTY MATT 1105","2.158.750,00",
"SIKACIM ADHITIVE","73.000,00",
"PHILIPS DL CEILING 20W","415.000,00",
"FITTING LAMPU DINDING B293","650.000,00",
"NAT KRAMIK SIKA GREY","20.000,00",
"NO DROP 002 20KG","1.353.000,00",
"RENG BIASA","5.000,00",141
"PHILIPS BVP150G3 100W","935.000,00",
"SEMEN SCG 40KG","48.000,00",92
"FLENDES TANGGA","9.000,00",
"SDL DOUBLE NEPEL","7.000,00",
"SPANDEX KENCANA 0.25MM 3M","174.000,00",15
"SPANDEX KENCANA 0.25MM 5M","290.000,00",15
"SPANDEX KENCANA 0.25MM 6M","348.000,00",15
"PINTU KM PVC LUXURY","260.000,00",3
"PINTU KM LUXURY M.KAYU","280.000,00",1
"JOTUN INVINITY GROVE 8060","4.055.700,00",
"JOTUN INVINITY WILDRICE","3.887.500,00",2
"PIPA GALVANIS 1/2","120.000,00",
"KAIN KASA IGM","17.000,00",
"LOSTER JARING SEDANG","21.000,00",20
"3S 35 WATT","3.000,00",11
"PIPA WAVIN 4"" D","209.000,00",17
"HOLO 6X6 2ML","412.500,00",
"BESI 10 ULIR SNI","83.500,00",
"BESI 12 ULIR SNI","112.000,00",22
"KUAS ROLL 4","10.000,00",
"PHILIPS LED 12W","43.000,00",1
"KABEL ETERNA 4X2,5 50M","3.883.000,00",
"SEKRUP GYPSUM 1"" LION","76.000,00",0
"SEKRUP GYPSUM 3"" LION","195.000,00",5
"S/K LANTAI PANASONIC","544.500,00",
"LAMPU EMICO","14.000,00",
"PANASONIC 1/2PK STD-YN5AKJ","4.015.000,00",
"PANASONIC 2PK YN18","7.535.000,00",
"PANASONIC S/C AC WJB1214W-3K","60.000,00",
"PANASONIC S/C IB WEJP1121-7+CP","18.500,00",-11
"PIPA 1/4 3/8","106.350,00",
"OVERSOCK 1X3/4","6.500,00",-2
"KNEE RUCIKA 1","7.000,00",
"STEPNOSING WJY 10X60 HITAM GOLD","23.500,00",180
"FLOORDRY DUS PUTIH 2","115.000,00",
"MORTAR DRYMIX","75.000,00",25
"GALV KANAL C75 DELUXE MTD","87.000,00",34
"VIBER ROLL POLOD 08 HIJAU","1.375.000,00",1
"KABEL ETERNA NYY 3X2.5 50M","1.485.000,00",
"KABEL ETERNA NYY 3X4 50M","2.156.000,00",
"LEM HILTY","600.000,00",-3
"MATA BOR MULTI KAPUSI 10MM","50.000,00",49
"CAT AVIAN K&B SW 50CC","11.000,00",
"NO DROP 003 4KG","296.500,00",4
"AVIAN THINNER B ASLI","55.000,00",2
"KRAN TAMAN PUTIH 1/2","15.000,00",10
"SPIGON JILR","82.500,00",5
"RIVER ATI PUTIH","44.000,00",
"P. BUNCIR WH","11.000,00",216
"CLIP GORDING","1.500,00",700
"PAKU RIVETS","127.600,00",
"KARET PAKU PAYUNG MURAH","1.000,00",19
"KACA POLOS 5X102X203","129.000,00",40
"PELOR PXU","324.500,00",15
"MMS 816 PXN WH","385.000,00",10
"STARSAN WH","51.000,00",17
"B. 8X3P","168.500,00",
"PAB 8X1 1/4","200,00",1000
"BUBBLE FOIL","396.000,00",10
"ANGKER 1 MUR 7/8X600X100","80.000,00",
"ALUMUNIUM FOIL","6.228.750,00",1
"CNP 9 APRIL","7.419.500,00",1
"CNP","8.890.750,00",1
"SLICONE SEALANT","2.054.050,00",1
"RODA PENALON PINTU","38.500,00",8
"ENGSEL PIVOT","50.600,00",6
"TIKET BAGASI","55.000,00",1
"SPEASER KERAMIK/GRANIT","193.150,00",
"RIVET JENDELA","50.000,00",1
"PISAU DEREK GRANIT","124.300,00",3
"PHILIPS LED STRIP 7,5W","950.000,00",
"PAKU RAMSET","1.500,00",200
"GLUE SEALANT MARKS","36.000,00",360
"KACA POLOS 5X122X153","120.000,00",40
"KACA POLOS 5X153X203","182.000,00",10
"LEM EPOXY","68.500,00",1
"BESI 1X3","346.500,00",2
"4' PUTIH ALX","176.000,00",8
"TATEP KC PUTIH ALX","126.500,00",4
"RIVET KECIL","44.000,00",45
"PELOOR JENDELA BSN","60.500,00",45
"KACA BENING 102X204","134.000,00",25
"KACA BENING 92X204","120.000,00",25
"GERINDA KINIK","12.000,00",25
"GEMBOK KUNING 30MM","9.000,00",20
"GEMBOK KUNING 40MM","11.000,00",21
"SIKUKUKAN CHIYO 12","15.000,00",
"ASPAL CAIR 1KG","55.000,00",12
"RAM NYAMUK YUSTAR","25.000,00",39
"GERGAJI KOPI FUKUDA","40.000,00",5
"ANGKUR 16MM X 50CM SET FLENDES","127.000,00",
"SKUN PUMA 06MM","3.500,00",-130
"MAGNETIC CONTACTOR LC1D18M7 SCHNEI","495.000,00",
"TOILET SHOWER TOTO THX20NB WHITE","277.750,00",
"GRANIT ESTILO CELIA 60X60","250.000,00",
"PLASTIK COR 06","195.800,00",
"DOUBLE NEPEL 2","48.000,00",
"DOUBLE NEPEL 1,5","37.000,00",
"DOUBLE NEPEL 1","22.000,00",
"DOUBLE NEPEL 3/4","17.000,00",
"DOUBLE NEPEL 1/2","14.000,00",
"LAMPU PJU LED PHILIPS 70W","2.112.000,00",-1
"MAJESTIC TRUE BEAUTY MATT TEA LEAVES","2.332.000,00",
"MARMO BAKAR ORANGE SUPER","198.000,00",
"LADU","1.210.000,00",
"LED STRIP MEIWA","85.000,00",5
"SARDAK DEKKSON RD 1202_4 SSS","160.500,00",
"AFUR ANGSA RANTAI BTW_001 212","330.000,00",
"GRANIT NIRO 60X60 A_MOD03 WARM SAND","218.000,00",
"SEALTAPE JUMBO CAB","6.000,00",65
"KRAN ANGSA TROMPET ALIR","70.000,00",1
"SIKU LUBANG CARNIVORE 1,8KG","60.000,00",
"PIPA PVC MILI 3D","65.000,00",18
"NYY SUPREME 100M 4X2.5","4.050.000,00",
"MCCB SCHNEIDER 80A EZC100F3080","858.000,00",
"BUSBAR SISIR FBM-3","130.000,00",
"KARET SKUN SLEVE 6/10MM BIRU","1.000,00",
"KARET SKUN SLEVE 6/10MM HITAM","1.000,00",
"KARET SKUN SLEVE 6/10MM KUNING","1.000,00",
"KARET SKUN SLEVE 6/10MM MERAH","1.000,00",
"MCB DOMAE 1P 06A","95.000,00",
"MCB DOMAE 3P 20A","429.000,00",
"MCB DOMAE 3P 32A","495.000,00",
"METERAN NYAF KITANI 6MM RED","25.000,00",
"PANEL BOX SAE 60X40X20","385.000,00",
"PILOT LAMP 22MM FORT HIJAU","8.000,00",
"PILOT LAMP 22MM FORT KUNING","8.000,00",
"PILOT LAMP 22MM FORT MERAH","8.000,00",
"HOLO 6X6X1,6","285.000,00",
"ALDERON DOUBLE LAYER PUTIH 4M","775.000,00",
"BAUT FISHER S8","500,00",245
"MUR BAUT RING 5/8X2","7.500,00",
"MCB DOMAE 1P 32A","105.000,00",
"TIANG LAMPU PJU","3.027.000,00",-2
"DOP PVC 2,5","16.000,00",
"TEE WAVIN 2 1/2","23.000,00",
"SPANDEX PASIR MAROON/M","45.000,00",
"EQUAL STRAIGHT PPR WESTPEX 25MM","7.000,00",20
"ELBOW THREAD FML PPR WESTPEX 25X1/2F","36.000,00",
"R STRAIGHT PPR WESTPEX 50X32MM","18.000,00",
"ELBOW 90"" PPR WESTPEX 25MM","8.000,00",21
"TEE PPR WESTPEX 25MM","12.000,00",8
"CAT KAYU & BESI ENVI 920","88.000,00",5
"LANGSOL HIJAU BESAR","65.000,00",8
"WATERPASS POPEYE 18","40.000,00",
"EXPANDED 3035","495.000,00",-5
"BONDEK 0,75X6M HN","825.000,00",
"HOLO GALV 40/40 OREN 1.2","165.000,00",
"HOLO GALV 40/80 OREN 1.2","255.000,00",17
"REL PINTU BONUCHI A3 1,8M","150.000,00",
"REL PINTU STRONG A3 1,8M","175.000,00",1
"REL PINTU BONUCHI A4 2M","170.000,00",1
"FLEK. SELANG 25MM PUTIH","155.000,00",0
"FUSE KACA FS-101","6.000,00",
"REL MCB 1 FUNGSI RA 09.MM","19.000,00",1
"NYY SUPREME 4X4 1000M","61.864.000,00",
"NYY SUPREME 4X4 100M","6.070.000,00",1
"OVERSOCK 2X1/2 AW","11.500,00",56
"DEXTRO 504 100GR","15.000,00",-1
"KAWAT RAM 1/2","75.000,00",
"REGULATOR QUANTUM","85.000,00",9
"REGULATOR WINGAS","65.000,00",11
"SELANG WINGAS","48.000,00",11
"PILOX KREA 20001 WHITE","49.000,00",5
"HOK CENDELA 10","500,00",
"SPANDEX DELUXE 0,30X5M","205.000,00",43
"HCL ASLI","20.000,00",30
"MAJESTIC TRUE BEAUTY MATT SOYA MILK","2.159.000,00",
"GYPSUM STAR","75.000,00",
"CAT KAYU & BESI ENVI 900 0,45L","56.000,00",14
"PIPA TATEYAMA 3/8""+5/8"" REFRIGANT 20M","3.542.000,00",
"LANGSOL KECIL 50GR","7.000,00",20
"MATA ROFING KOREI PDK","6.000,00",24
"TEE 1X3/4","7.500,00",
"SELANG AC FLEX 5/8","220.000,00",
"ENGSEL GOMEO GP 4","24.000,00",
"SOCK 5","39.000,00",
"MATA GERGAJI CIRCLE 7X24 CPT","70.000,00",4
"MATA GERGAJI CIRCLE 7X40","73.000,00",5
"KUNCI ALUMUNIUM CANTOL","60.000,00",8
"REL PINTU J3 SLIDING","175.000,00",3
"REL PINTU J4 SLIDING","190.000,00",3
"PANASONIC TIME SWITCH","473.000,00",
"PILOX KREA 20036 FLUOR. ORANGE","65.000,00",6
"SARUNG TANGAN KUNING","11.000,00",24
"MESIN GRENDA RYU","300.000,00",
"SARUNG TANGAN KARET CBR","13.000,00",24
"SEPATU BOOT KUNING MDN","80.000,00",4
"MESIN BOR BATERAI RYU RCD12V","792.000,00",1
"MESIN BOR IMPACT RYU","435.000,00",1
"MESIN GERINDA RYU","325.000,00",1
"SEKRUP TAPPING 2"" LION","800,00",882
"CAT KAYU & BESI ENVI 957 0,45L","56.000,00",8
"DOP PVC 5","16.000,00",
"HAK ANGIN KUCUP","10.000,00",240
"HAK ANGIN TITHEN 8","11.000,00",
"GRENDEL 3"" GP CLASSIC","15.000,00",60
"DADUNG PUTIH 10MM","6.000,00",220
"DADUNG PUTIH 12MM","7.000,00",220
"BESI 8 POLOS K","46.000,00",94
"PLAT ESER 1.6","700.000,00",7
"GAS KALENG","18.000,00",
"LAMPU SOROT PHILIPS 200W","5.170.000,00",
"LAMPU SOROT PHILIPS 50W","1.595.000,00",
"GALV TALANG 0,25X80","1.155.000,00",2
"KASO SENGON 3M","18.000,00",-110
"KASO SENGON 2,5M","15.000,00",
"SEKRUP GYPSUM LION 1"" @5","1.000,00",-93
"CAT TEMBOK ENVI 835 5KG","190.000,00",3
"CAT KAYU & BESI ENVI 938 0.9L","88.000,00",6
"CAT KAYU & BESI ENVI 962 GOLD 0.45L","90.000,00",6
"SEPATU RAILING 4X4","3.000,00",
"SEPATU RAILING SS 4X6","8.000,00",
"LAMPU EXIT PHILIPS","1.265.000,00",1
"PAKU BETON GDO DOS 10CM","43.000,00",
"KUNCI LACI MULLER HL502","16.500,00",58
"KRAN WASSER TL3-140","599.000,00",22
"KANOPI MR WHT (SPANDREL ALUM)","115.000,00",
"SIKU 1/2"" WHT","29.000,00",
"SEKRUP GYPSUM 1 1/4"" LION","89.000,00",
"GUNTING TAMAN GG BESI","100.000,00",3
"GUNTING TAMAN GG TELESKOP","135.000,00",2
"GUNTING DAHAN GOOD","40.000,00",3
"PROPAN STARSTONE COATING BATU ALAM","85.000,00",
"HOLO BESI 40X40X6X1.6","205.000,00",
"HOLO BESI 50X50X6X1.6","253.000,00",
"HOLO BESI 60X60X6X1.6","315.000,00",
"TALANG GALVALUM UK. 90CM","50.000,00",
"TRIPLEK 9ML P","97.000,00",23
"HOLESAW SOLIGEN 26MM","29.000,00",6
"HOLESAW SOLIGEN 30MM","30.000,00",6
"HOLESAW SOLIGEN 32MM","32.000,00",6
"HOLESAW SOLIGEN 16MM (ISI 2)","35.000,00",6
"KLEM PIPA 1","1.500,00",
"KLEM PIPA 1 1/2","2.500,00",
"MATA BOR BETON SDS CPT 10MM","28.000,00",14
"MATA BOR BETON SDS CPT 8MM","25.000,00",20
"MATA BOR HSS 8MM","65.000,00",19
"MATA BOR HSS 10MM","89.000,00",3
"AMPLAS BULAT 40","1.500,00",76
"AMPLAS BULAT 60","1.500,00",97
"AMPLAS BULAT 100","1.500,00",100
"AMPLAS BULAT 150","1.500,00",100
"AMPLAS BULAT 180","1.500,00",76
"CARBON BRUSH CB51","8.000,00",17
"CARBON BRUSH CB100","10.000,00",15
"PELAMPUNG TANDON FREED L","28.000,00",5
"PELAMPUNG TANDON FREED T","28.000,00",4
"HCL SINGA SUPER","15.000,00",17
"PELAMPUNG KUNINGAN 1/2 HONXI","55.000,00",6
"PELAMPUNG KUNINGAN 3/4 HONXI","60.000,00",6
"RODA MATI 3"" FUKUDA","20.000,00",1
"RODA MATI 4"" FUKUDA","27.000,00",3
"LEPAN AWS ORANGE","10.000,00",56
"KUNCI MESIN GERINDA","8.000,00",12
"GEMBOK GLOBE HITAM 20","11.000,00",12
"GEMBOK GLOBE HITAM 30","18.000,00",11
"GEMBOK GLOBE HITAM 40","24.000,00",12
"GEMBOK GLOBE HITAM 50","35.000,00",11
"GEMBOK GLOBE HITAM 60","50.000,00",12
"TANG RIVET OLIQ 10","35.000,00",
"BULU POLES WERKLINE 7","26.000,00",
"RAM PATRI VIPER 1/4","42.000,00",
"MUR BAUT 3/8 X 1 1/4 NC","1.500,00",150
"MUR BAUT 3/8 X 1 1/2 NC","2.000,00",119
"MUR BAUT 3/8 X 2"" NC","2.300,00",92
"MUR BAUT 3/8 X 3"" NC","2.500,00",73
"MUR BAUT 3/8 X 4"" UNC","3.000,00",73
"RING 3/8 (1 ONS = 33PCS)","3.000,00",172
"CAT AVIAN K&B 199 0.5L","54.000,00",
"CAT AVIAN K&B 199 0.9L","94.000,00",
"LINGGIS CATUT BESAR","60.000,00",2
"PACUL TANI","58.000,00",3
"PHILIPS ESS 18W","50.000,00",
"REMOVER CAT TEMBOK VIP","80.000,00",
"VIP REMOVER MULTIFUNGSI","90.000,00",
"KOMPON A+ KILOAN","5.000,00",-27
"SELANG GAS 2 LAYER","10.000,00",28
"KLEM SELANG 7/8","2.000,00",
"KLEM SELANG 1/2","1.500,00",
"SARUNG TANGAN KARET FREDER","15.000,00",12
"SARUNG TANGAN KARET SATAKA","17.000,00",12
"FISHER S5 SET","10.000,00",6
"FISHER S6 SET","11.000,00",6
"FISHER S8 SET","12.000,00",5
"FISHER S10 SET","13.000,00",6
"ANAK KUNCI ALMN WELDOM","32.000,00",12
"KLEM SELANG PITA 5/8","2.000,00",90
"KLEM SELANG PITA 3/4","2.500,00",100
"KLEM SELANG PITA 1","2.500,00",
"KARET PAKU PAYUNG HITAM","1.500,00",277
"TUSEN KLEP KNG 1/2 VIPER","23.000,00",11
"TUSEN KLEP 3/4 HSJ","25.000,00",12
"KNEE MP 1/2"" TS","2.000,00",345
"KNEE MP 3/4"" TS","2.500,00",196
"KNEE MP 1"" TS","3.000,00",121
"KNEE MP 1 1/4"" DV","2.500,00",198
"KNEE MP 1 1/2"" DV","3.500,00",132
"KNEE MP 2"" DV","5.000,00",83
"KNEE MP 2 1/2"" DV","7.000,00",97
"TEE MP 1/2"" TS","2.000,00",231
"TEE MP 3/4"" TS","2.500,00",137
"TEE MP 1 1/4"" DV","3.000,00",130
"TEE MP 1"" TS","5.000,00",89
"TEE MP 1 1/2"" DV","4.500,00",84
"TEE MP 2"" DV","7.000,00",137
"TEE MP 2 1/2"" DV","11.000,00",76
"GALV TALANG DLX 70X0.25","28.000,00",50
"SPANNER M10","16.000,00",12
"SPANNER M12","25.000,00",12
"SPANNER M16","42.000,00",12
"CAT KAYU & BESI ENVI 950 0.45L","56.000,00",6
"FREON REFRIGERANT R32 9,5KG","2.255.000,00",
"PIPA TATEYAMA 3/8+1/4 30M","3.190.000,00",1
"PIPA TATEYAMA 3/8+1/4 15M","1.595.000,00",
"LUBY DOWNLIGHT 18W","65.000,00",
"PHILIPS LED ESS 7W","28.000,00",8
"KABEL TJ 2X1,5 METERAN","4.500,00",179
"KABEL KENCANA PLT 2X1.5","6.000,00",150
"ORBITFAN KDK 16","695.000,00",
"SWITCH ON OFF","5.000,00",10
"SEKRUP GYPSUM LION 3","600,00",
"MOWILEX EMULSION A PL MARIGOLD FLOWER","2.050.000,00",2
"KRAN GOLDY PVC ABS 1/2","17.000,00",
"AMPLAS ROLL 150","150.000,00",
"SEKRUP GYPSUM 1 1/4","250,00",
"SELANG TRILIUN 5/8 SUPERFLEX","430.000,00",
"SELANG TRILIUN 5/8 SF METERAN","10.000,00",40
"SELANG TRILIUN 3/4 SUPERFLEX","585.000,00",1
"SELANG TRILIUN 3/4 SF METERAN","12.000,00",50
"HOLO BR 4X4 TPS","25.000,00",
"HOLO BR 2X4 TBL","32.000,00",-25
"HOLO 5X5X1 6M","190.000,00",-6
"MORTAR PLESTER GM770","70.000,00",23
"KNEE RUCIKA AW 2","24.000,00",
"TALI DADUNG 10MM","1.100.000,00",1
"SEKRUP GYPSUM 1 1/4"" KOREI/GRT/EIFEL","37.000,00",
"SEKRUP GYPSUM 2"" KOREI","37.000,00",
"BAUT JP PER SET ALL VARIAN","2.000,00",965
"KABEL ETERNA NYM 3X1.5 50M","800.000,00",9
"CAT AVIAN K&B SW 0,9L","94.000,00",
"VIP REMOVER 250CC","35.000,00",19
"RODA HIDUP 2"" TRIPLES","20.000,00",16
"RODA HIDUP 3"" TRIPLES","22.000,00",4
"RODA HIDUP 4"" KOREI","30.000,00",2
"RODA HIDUP 5"" TRIPLES","36.000,00",4
"RODA MATI 2"" TRIPLES","18.000,00",4
"RODA MATI 3"" TRIPLES","21.000,00",4
"RODA MATI 4"" KOREI","26.000,00",2
"RODA MATI 5"" TRIPLES","33.000,00",4
"OBENG CHROME 5","16.000,00",
"TARIKAN KZK 4","2.500,00",
"TARIKAN KZK 5","3.000,00",
"RODA HIDUP 6"" TRIPLES","70.000,00",8
"SIKU LUBANG 4X4 MERAH TEBAL","90.000,00",20
"CORAL 1 COLT","350.000,00",4
"PINTU GALV 0,25 HANDLE KANAN","230.000,00",2
"PINTU GALV 0,25 HANDLE KIRI","230.000,00",2
"PINTU GALV 0,30 HANDLE KANAN","300.000,00",3
"PINTU GALV 0,30 HANDLE KIRI","300.000,00",3
"SEKRUP HAK TUTUP NO.6","500,00",250
"SEKRUP HAK BUKA","1.000,00",100
"MAJESTIC TRUE BEAUTY MATT GL 1105","328.000,00",
"TC-5","12.000,00",12
"SWITCH KIPAS ANGIN NASIONAL","43.000,00",
"CAT AVITEX 675 5KG","174.000,00",3
"CAT KAYU & BESI ENVI 917 0.9","88.000,00",12
"PASIR GENDOL","450.000,00",6
"MATA BOR HSS 9MM","72.000,00",5
"MATA BOR HSS 9,5MM","77.000,00",5
"RODA KURSI GEPENG FUKUDA REM","11.000,00",15
"RODA KURSI GEPENG FUKUDA NOREM","10.000,00",25
"AMPLAS SUSUN 80","7.000,00",48
"AMPLAS SUSUN 120","7.000,00",41
"SEKRUP BARING 12X20 DOLPHIN","400,00",600
"SEKRUP BARING 12X20 DOLPHIN","125.000,00",
"BAK CUCI PIRING HPP 50","85.000,00",10
"BAK CUCI PIRING HPP 75CM","110.000,00",10
"BAK CUCI PIRING HPP 96CM","120.000,00",10
"TANGKI 16LT","495.000,00",
"HAIRDRYER SEKAI","132.000,00",
"SELANG APOLLO SF 1/2","6.000,00",
"SELANG APOLLO SF 3/4","450.000,00",2
"PIPA PPR WESTPEX 20MM PN 10X4M","45.000,00",
"ELBOW 90"" PPR WESTPEX 20MM","4.000,00",
"ELBOW THREAD FML PPR WESTPEX 20X1/2"" F","33.000,00",
"TEE PPR WESTPEX 20MM","6.000,00",
"EQUAL STRAIGHT PPR WESTPEX 20MM","4.000,00",
"ELBOW THREAD FML PPR WESTPEX 25X3/4"" F","45.000,00",10
"STRAIGHT THREAD FML PPR WESTPEX 25X3/4"" F","38.000,00",6
"GATE VALVE WESTPEX 3/4","220.500,00",
"MATA OBENG + TEKIRO","8.500,00",9
"JOTUN JOTASHIELD INV A PL OPL 8067 GREEN","4.221.000,00",3
"CAT AVIAN K&B SB 0,9L","94.000,00",
"TAMBAL TANDON NO DROP","10.000,00",8
"NO DROP 003 1KG","78.000,00",23
"KRAN HOMECARE 1/2 VERLOOP 3/4","8.000,00",22
"RENG GALV SIMETRIS MERAH (TYPE A)","35.000,00",50
"JARUM KARUNG BELL 6","1.500,00",
"SEMPROTAN BOTOL TOSITA","45.000,00",5
"KUAS GAMBAR NO.2","2.500,00",22
"KUAS GAMBAR NO.4","3.000,00",21
"KUAS GAMBAR NO.6","3.500,00",6
"KUAS GAMBAR NO.8","4.000,00",23
"KUNCI PIPA 18"" VENUS","100.000,00",4
"GERGAJI KOPI 15"" ATB","45.000,00",12
"MATA BOR KUNING 2,5MM GOMEO","3.000,00",19
"MATA BOR KUNING 3,5MM GOMEO","4.000,00",18
"SELANG APOLLO SF 5/8","8.000,00",
"SELANG APOLLO SF 5/8","305.000,00",
"JOTUN JOTASHIELD INVINITY C PL GREEN","3.920.000,00",1
"JOTUN JOTASHIELD INVINITY A PL SOYAMILK","3.835.000,00",1
"MAJESTIC TRUE BEAUTY MATT NEW A PL","2.270.000,00",
"KAPSTOK STENLIS","12.000,00",
"MATA KUNCI SOCK 10MM TEKIRO","20.000,00",10
"MATA KUNCI SOCK 12MM TEKIRO","21.000,00",10
"MATA KUNCI SOCK 17MM TEKIRO","29.000,00",10
"MATA KUNCI SOCK 19MM TEKIRO","32.000,00",10
"PAKU RIVET 440 STROM","35.000,00",
"PAKU RIVET 540 STROM (ISI 400)","55.000,00",
"TANG KOMBINASI 6"" TEKIRO","57.000,00",4
"KAPSTOK ALFINA F 2205","43.000,00",
"KAPSTOK XB 0268","50.000,00",
"KNEE RUCIKA DV 2 1/2","13.500,00",
"STRAIGHT THREAD MALE PPR WESTPEX 25X1/2","28.000,00",
"STRAIGHT THREAD MALE PPR WESTPEX 25X3/4","38.000,00",
"DAMDEX","80.000,00",
"PAKU BETON PTH 1"" DUS","19.000,00",
"PHILIPS LED ESS 30W","85.000,00",19
"CATYLAC 1501 GL","175.000,00",
"SELANG FLEX","85.000,00",-1
"TESPEN ANATA","10.000,00",9
"PEREKAT KERAMIK GM551","115.000,00",
"DAMDEX GL","330.000,00",
"PAKU SEKRUP + 1/2X4 CHW","7.000,00",
"PAKU SEKRUP + 5/8X5 CHW","8.500,00",
"PAKU SEKRUP + 3/4X6 CHW","9.500,00",
"LEM PIPA ISCO","7.000,00",32
"PALU KAMBING BONUCI 8","28.000,00",
"PAKU SEKRUP + ALL VARIAN","100,00",209
"KRMK SIGNATURE 25X40 A TIMBER GREY","78.000,00",
"KRMK UNO 50X50 A XAVIERA WHITE","60.000,00",
"KRMK ASIA 40X40 A OSCAR GREY MT","65.000,00",
"SOLARTUFF KOTAK 360 CLEAR","440.000,00",
"FIBER GELOMBANG 0.8 3M","120.000,00",9
"FIBER GELOMBANG 0.8 2,4M","98.000,00",10
"FIBER GELOMBANG 0.8 2,1M","85.000,00",5
"ENGSEL H TASOTI 80","5.000,00",22
"ENGSEL H TASOTI 140","8.000,00",24
"GUNTING HOLO TASOTI","70.000,00",4
"OBENG CEBOL","17.000,00",12
"TANG KOMBINASI MINI","28.000,00",12
"SENTER USB SK 22","65.000,00",15
"PAKU BETON PTH 3"" DUS","19.000,00",
"JOTAPLAST WHITE READY PL","950.000,00",1
"JOTASHIELD INV C GL OPL 8688","625.000,00",
"TEE RUCIKA AW 2X 1/2","20.000,00",
"TEE RUCIKA AW 2X3/4","22.000,00",
"CAT CAMAR","65.000,00",
"BAUT BLANDAR 12CM","7.000,00",121
"BAUT TAPPING 3","700,00",
"SEKRUP GYPSUM 2"" GRT","37.000,00",
"SEKRUP GYPSUM 1 1/2"" GRT","37.000,00",
"DOP DRAT DALAM 1/2","3.500,00",
"DOP DRAT DALAM 3/4","4.000,00",
"ENGSEL PINTU PVC","10.000,00",23
"SPLIT 05","460.000,00",8
"TEE RUCIKA 1","7.000,00",
"R TEE PPR WESTPEX 50X25X50 MM","32.000,00",1
"GLASS BOX MULIA BIJIAN","27.000,00",8
"MAJESTIC TRUE BEAUTY MATT NEW A GL","352.000,00",
"RANTAI KAPAL 3/16","35.000,00",
"AFUR BAK CUCI PIRING 1,5","55.000,00",
"GUNTING ORLEE OR-G402","5.000,00",
"GUNTING ORLEE OR-G602","8.000,00",9
"GUNTING GUNINDO HB-55","9.000,00",11
"GUNTING IDEAL","10.000,00",12
"TANDON TIRTA KAKI 500L","2.160.000,00",
"WASTAFEL LOLO L330 WHITE","190.000,00",1
"KABEL ETERNA NYYHY 2X1 1/2 HITAM","715.000,00",
"NO DROP PENCAMPUR SEMEN MULTI","57.000,00",
"TANG LASTOK","37.000,00",
"TANG LASTOK GROUND","27.000,00",
"BC 25MM/KG 4.5M","308.000,00",
"SPLIT PENANGKAL PETIR ASLI 3/4","160.000,00",
"PIPA MEDIUM B 3/4X6M","91.000,00",
"SOCK G GALVANIS 3/4","9.000,00",
"MELAMINO 3MM KILAP MUROCO AAA","135.000,00",
"SELANG APOLLO SF 3/4","450.000,00",
"PILOX KREA 20033 CLEAR GLOSS 150ML","24.000,00",6
"RODA KARET HIDUP REM 2"" TRIPLES","26.000,00",10
"RODA KARET MATI 2"" TRIPLES","17.000,00",18
"TRIPLEK 8ML MA","93.000,00",
"PAKU BETON PTH 4"" DUS","19.000,00",30
"TERPAL PESUT MAS A5 2X3","45.000,00",5
"TERPAL PESUT MAS A5 3X4","80.000,00",4
"TERPAL PESUT MAS A5 3X5","100.000,00",5
"BAUT BLANDAR 25CM","12.000,00",
"HAK ANGIN BULAT RINTIK VPR","7.000,00",60
"LEHER ANGSA WAST. STARCLASSIC","76.000,00",12
"KUNCI L SET TEKIPO PJG","115.000,00",5
"KUNCI IL SET TEKIPO PDK","75.000,00",5
"MATA OBENG ANGIN + VPR","2.500,00",10
"ALAT TEMBAK FURANO","20.000,00",12
"KRAN ANGSA TROMPET SKL","80.000,00",4
"MATA BOR HSS 2 MM","8.000,00",10
"MATA BOR HSS 2,5MM","10.000,00",10
"KNEE KUNINGAN KOMPOR NO.11 1/2","26.000,00",
"KNEE KUNINGAN KOMPOR NO.12 1/2","30.000,00",
"SOCK KUNINGAN KOMPOR 1/2","25.000,00",
"TEE KUNINGAN KOMPOR 1/2","37.000,00",
"CAT AVIAN K&B 192 0,9","94.000,00",
"STOP KONTAK BROCO 6","65.000,00",19
"KAP SOROT PHILIPS 50W","520.000,00",2
"KRAN ANGSA TEKIRO","72.000,00",4
"CAPIT LAS LEOPARD","27.000,00",
"BAUT SDS","500,00",
"KERAMIK PLATINUM CREAM 50X50","85.000,00",1
"BAUT FISHER M12","4.000,00",25
"TRASHBAG","3.000,00",
"MAJESTIC TRUE BEAUTY MATT NEW A GL 1938","360.000,00",
"LOSTER KAYU","18.000,00",71
"MATA BOR KUNING 5MM GOMEO","6.000,00",20
"MATA BOR KUNING 6MM GOMEO","8.000,00",19
"SPRAYGUN GNT K3","125.000,00",5
"SPRAYGUN GNT TABUNG ATAS","120.000,00",5
"GENTENG KACA PLENTONG 3MM","20.000,00",100
"GENTENG KACA JOWO 3MM","20.000,00",96
"GENTENG KACA TURBO 3MM","20.000,00",50
"GENTENG KACA GEPAK 3MM","20.000,00",50
"GENTENG KACA PK/KODOK 3MM","20.000,00",50
"TATAH FUKUDA 1 1/4","30.000,00",
"TATAH FUKUDA 1","27.000,00",
"TATAH FUKUDA 3/4","25.000,00",
"TATAH CAMEL 5/8","24.000,00",
"TATAH FUKUDA 1/2","23.000,00",
"TATAH FUKUDA 3/8","21.500,00",
"TATAH FUKUDA 1/4","20.000,00",
"PIPA BESI HITAM 1 1/2X2","150.000,00",
"PIPA BESI HITAM 1 1/4 X 2,3","130.000,00",
"PIPA BESI HITAM 2 X 2,3","210.000,00",
"KABEL ETERNA NYM 3X1.5 ECER","17.000,00",44
"DOP 5","25.000,00",7
"KUAS GAMBAR NO.10","5.000,00",24
"PALU KONDE GG KAYU 1 1/2 LB KS","37.000,00",12
"SIKAT KUNINGAN EAGLE 8 BSR","12.000,00",12
"HAK ANGIN DUMBO 8","4.500,00",
"CARBON BRUSH CB 411 MAKITA","6.000,00",10
"CARBON BRUSH 51 MAKITA","5.000,00",9
"TALI TIES POPEYE 200MM","17.000,00",38
"TALI TIES POPEYE 250MM","22.000,00",39
"SEKOP FULL BESI BUAYA","70.000,00",20
"SEKOP HAMERTON GG KAYU","60.000,00",12
"BODEM LUDELL 12LB","250.000,00",5
"PACUL BUAYA","55.000,00",18
"SELANG POMPA CROM","13.000,00",12
"METERAN ROLL FIBER 50M IZUMO","60.000,00",3
"NYYHY SUPREME 3X4 100M","5.365.000,00",
"HYO SUPREME 100M 3X1,5 HITAM","2.156.000,00",
"HYO SUPREME 2X1,5 50M HITAM","725.000,00",
"PILOX KOJIN S03 BLUE","40.000,00",6
"CAT EMCO 33 1KG","88.000,00",6
"CAT EMCO 33 0,5KG","49.000,00",6
"CAT EMCO BINTANG 75 1KG","105.000,00",6
"PARANET 85% ROLL (100M)","750.000,00",
"ATAP UPVC DL 5M GMT PREMIUM","690.000,00",10
"PAKU 7CM DUS","480.000,00",
"PAKU 10CM DUS","480.000,00",
"TINTA BAK YAMURA","10.000,00",
"DX METERAN EXTRANA 4X16M (KABEL TWIST)","30.000,00",
"HYO ETERNA 2X1,5 50M HITAM","797.500,00",
"MCB SCHNEIDER DOMAE 1P 16A","93.500,00",
"LAMPU CAP SOROT MEVAL 300W","2.500.000,00",
"TEE WAVIN 1X1/2"" AW","8.000,00",57
"TEE WAVIN 1 1/2 X 1/2 AW","13.500,00",28
"OVERSOCK WAVIN 2 X 1 1/4","13.000,00",
"PIPA WAVIN 1 1/2 AW","78.000,00",42
"PIPA WAVIN 5"" D","365.000,00",4
"PIPA TRILLIUN 1"" AW","40.000,00",40
"DRUM BESI 209 L","200.000,00",
"EMBER CAT BEKAS","20.000,00",14
"SENG GELOMBANG 210CM","46.000,00",
"SPLIT 1 COLT (1X2)","385.000,00",9
"BESI 8 SNI","55.000,00",
"SPIDOL PUTIH JOYKO","12.000,00",
"SPIDOL ARTLINE","22.000,00",
"1 RIM HVS A4S","60.000,00",
"MAP MIKA","5.000,00",
"BINDER KLIP 155","18.000,00",
"BINDER KLIP 200","21.000,00",
"PAPER KLIP","5.000,00",
"STAPLES B MAX","82.500,00",
"STEPLES K JOYKO","13.000,00",
"ISI STEPLES","7.000,00",
"DORAN PACUL","15.000,00",20
"SIKAT PROYEK","7.000,00",
"KABEL TJ 1 ROLL","150.000,00",1
"LINGGIS DODOS TIPIS","150.000,00",
"LINGGIS DODOS TEBAL","280.000,00",
"HELM PROYEK HELIOS PUTIH","30.000,00",
"OVERVAL PLAT PUTIH IGM 2","2.000,00",
"MATA BOR HSS 4,5MM","18.000,00",19
"MATA BOR HSS 4MM","16.000,00",20
"MATA BOR HSS 3MM","13.000,00",7
"HOLO 4X4X1,8","250.000,00",
"HOLO 5X5X1,8","355.000,00",
"HOLO 5X5X2","505.000,00",7
"KUAS 230 MM","38.500,00",3
"KUAS 230 MM","38.500,00",
"JOTUN INFINITY A 1024 TIMELESS PAIL","1.857.000,00",
"CAT MAJESTIC TRUE BEAUTY MATT A 1024","327.800,00",
"CAT MAJESTIC TRUE BEAUTY MATT A 7236 CHI","322.850,00",
"SPIDOL PERMANEN","8.000,00",
"BEGEL1 8 X10","15.000,00",146
"BEGEL 9 X15","18.000,00",4
"BEGEL 9X9","18.000,00",
"BESI 10 BJKU ULIR","73.000,00",50
"LARGE RADIUS 3""","60.000,00",
"PAKU BETON PTH 1 1/2"" DUS DUS","17.000,00",209
"PAKU KAYU 7 CM DUS","540.000,00",
"LARGE RADIUS TEE 3""","60.000,00",
"PAKU 5 CM DUS","480.000,00",1
"SEALTAPE ONDA 1/2""","9.000,00",6
"Y BRAND 3""","85.000,00",
"GERGAJI GOROK IGM 18""","35.000,00",3
"CATUT PANJANG IGM LISTER 10""","19.000,00",
"SELANG TIMBANG 1/4""","3.500,00",38
"ENGSEL BESI IGM 3""","10.000,00",20
"ENGSEL BESI IGM 4""","17.000,00",-1
"KRAN AMICO 1/2""","18.000,00",50
"KRAN AIR MDN GG BIRU 3/4""","11.500,00",11
"STANG GERGAJI BESI IGM 12""","19.000,00",3
"KUAS CAT 2,5""","8.500,00",
"KABEL TRANS HAKAMATSU 2X80","2.500,00",5
"KUAS INDACO 1""","12.000,00",9
"KUAS INDACO 2""","16.000,00",24
"KUAS INDACO 3""","20.000,00",23
"KUAS INDACO 4""","32.000,00",21
"KUAS INDACO 5""","45.000,00",9
"KUAS INDACO 6""","55.000,00",12
"BESI 10 BJKU POLOS","72.000,00",40
"PAKU BERUANG 1,25""","20.000,00",15
"PAKU BERUANG 1""","20.000,00",27
"GRENDEL OVERVAL TEBAL HIJAU 2""","6.500,00",34
"IKRAK PLASTIK/PENGKI HIJAU","14.000,00",24
"GLASS BOX MULIA DIAMOND 20X20 DUS","160.000,00",10
"GLASS BOX MULIA OCEAN VIEW 20X20 DUS","160.000,00",4
"KNEE RUCIKA TS 1/2""","3.500,00",209
"KNEE RUCIKA TS 3/4""","4.500,00",76
"KNEE RUCIKA DV 1 1/4""","4.500,00",148
"KNEE RUCIKA DV 1 1/2""","5.500,00",49
"KNEE RUCIKA DV 2""","8.500,00",43
"KNEE RUCIKA DV 3""","18.500,00",-2
"KNEE RUCIKA DV 4""","35.000,00",30
"KNEE RUCIKA DV 5""","89.500,00",-21
"KNEE RUCIKA DV 6""","107.000,00",-6
"TEE RUCIKA TS 1/2""","4.500,00",336
"TEE RUCIKA TS 3/4""","5.500,00",210
"TEE RUCIKA TS 1 1/4""","13.500,00",88
"TEE RUCIKA DV 1 1/2""","8.000,00",58
"TEE RUCIKA DV 2""","11.500,00",106
"TEE RUCIKA DV 3""","28.500,00",12
"TEE RUCIKA DV 4""","48.500,00",9
"TEE RUCIKA DV 5""","85.500,00",8
"SOCK RUCIKA TS 1/2""","3.500,00",797
"SOCK RUCIKA TS 3/4""","4.000,00",569
"SOCK RUCIKA TS 1 1/4""","7.500,00",59
"SOCK RUCIKA TS 1 1/2""","11.000,00",74
"SOCK RUCIKA DV 2""","5.500,00",126
"SOCK RUCIKA DV 3""","12.000,00",39
"SOCK RUCIKA DV 4""","26.000,00",88
"PIPA RUCIKA  AW 1/2""","33.000,00",37
"PIPA RUCIKA AW 3/4""","43.500,00",50
"PIPA RUCIKA AW 1 1/4""","84.500,00",12
"PIPA RUCIKA AW 1 1/2""","98.000,00",87
"PIPA RUCIKA  AW 2""","124.000,00",147
"PIPA RUCIKA AW 2 1/2""","185.000,00",38
"PIPA RUCIKA AW 3""","254.000,00",20
"PIPA RUCIKA AW 5""","660.000,00",1
"PIPA RUCIKA AW 6""","925.000,00",15
"PIPA RUCIKA  AW 4""","425.000,00",
"PIPA MASPION PUTIH AW 1/2""","30.000,00",6
"PIPA MASPION PUTIH AW 3/4""","38.500,00",36
"PIPA MASPION PUTIH AW 1 1/4""","77.500,00",29
"PIPA MASPION PUTIH AW 1 1/2""","93.000,00",29
"PIPA MASPION PUTIH AW 2""","95.000,00",74
"PIPA MASPION PUTIH AW 2 1/2""","168.500,00",27
"PIPA MASPION PUTIH AW 3""","242.500,00",20
"BETEL PAYUNG 10""","14.000,00",9
"BETEL PAYUNG 12""","16.000,00",9
"PAKU POWER 1/2""","16.000,00",16
"PAKU POWER 3/4""","16.000,00",12
"PAKU POWER 5/8""","16.000,00",19
"MUR TANDON 1/2""","6.500,00",16
"MUR TANDON 3/4""","7.500,00",18
"MUR TANDON 1""","8.500,00",17
"OBENG PLAS. ANATA + 10""","9.500,00",36
"SCRAP RAYNER MERAH 5""","3.500,00",33
"SRAP RAYNER MERAH 7""","4.000,00",48
"SRAP POLYSTAR 5""","2.500,00",47
"SCRAP POLYSTAR 7""","4.500,00",31
"KLEM SELANG 3/4""","2.000,00",103
"GOROK GOMEO 18""","26.000,00",4
"AMPLAS LEMBAR 80","3.500,00",83
"AMPLAS LEMBAR 120","3.500,00",77
"AMPLAS LEMBAR 240","3.500,00",76
"KLEM SELANG 1""","2.500,00",136
"KLEM SELANG 1 1/2""","3.500,00",90
"KRAM AMICO 3/4""","19.000,00",12
"BETEL PAYUNG 8""","11.500,00",10
"OVERVAL PLAT GALV KZK","3.500,00",100
"TUSEN KLEP ONDA 2""","550.000,00",8
"SOCK DRAT DLM 1""","6.000,00",
"SOCK DRAT DLM 1 1/4""","10.000,00",8
"SOCK DRAT DLM 2""","16.000,00",79
"SOCK DRAT DLM 3""","22.000,00",10
"GERINDA WD 14""","45.000,00",19
"GERINDA MAKITA 14""","35.000,00",1
"DOP PVC 1/2""","3.000,00",-60
"DOP PVC 3/4""","3.500,00",-4
"DOP PVC 1""","5.500,00",7
"DOP PVC 1 1/2""","12.000,00",-2
"DOP PVC 2""","13.500,00",-7
"DOP PVC 4""","18.500,00",-3
"SCRAP GG KARET 2.5""","8.500,00",18
"SCRAP GG KARET 2""","8.000,00",32
"LEM FOX KALENG 300GR MERAH","40.000,00",23
"DOP BESI 2 1/2""","70.000,00",5
"DOP BESI 2""","35.000,00",5
"DOP BESI 1""","12.000,00",5
"DOP BESI 3/4""","10.000,00",4
"DOP BESI 1/2""","8.000,00",2
"KABEL ETERNA 1X1,5 MM","5.000,00",415
"OVERVAL VOXY 2.5""","3.500,00",25
"PELAMPUNG KUNINGAN 1/2""","47.000,00",5
"PELAMPUNG KUNINGAN 3/4""","50.000,00",6
"PELAMPUNG MITSUTOYO 1/2""","28.000,00",6
"PELAMPUNG MITSUTOYO 3/4""","30.000,00",6
"KLEM SELANG 3""","5.000,00",23
"KLEM PIPA 1/2""","500,00",13
"KLEM PIPA 3/4""","1.000,00",35
"KLEM PIPA 1 1/4""","2.000,00",142
"KLEM PIPA 2""","3.500,00",107
"KLEM PIPA 2 1/2""","4.000,00",100
"KLEM PIPA 3""","4.500,00",147
"KLEM PIPA 4""","5.000,00",160
"PLASTIK FISHER S5 DUS","7.000,00",145
"PLASTIK FISHER S6 DUS","8.000,00",16
"PLASTIK FISHER S8 DUS","11.500,00",14
"PLASTIK FISHER S10 DUS","10.000,00",40
"PLASTIK FISHER S12 DUS","13.000,00",5
"PAKU BETON PTH 3""","700,00",201
"KUAS ETERNA 2""","12.000,00",5
"KUAS ETERNA 3""","18.000,00",14
"KUAS ETERNA 4""","23.000,00",
"PAKU BETON PTH 2""","350,00",273
"PAKU BETON PTH 4""","800,00",99
"PAKU BETON PTH 1 1/2""","300,00",85
"PAKU BETON PTH 1 1/4""","200,00",103
"DOP PVC 3""","16.000,00",-17
"SOCK DRAT LUAR 1/2""","3.500,00",35
"SOCK DRAT LUAR 3/4""","4.500,00",
"SOCK DRAT LUAR 1""","6.000,00",-5
"SOCK DRAT LUAR 1 1/4""","9.000,00",9
"SOCK DRAT LUAR 2""","16.000,00",88
"SOCK DRAT LUAR 3""","36.000,00",8
"SOCK DRAT LUAR 1 1/2""","11.000,00",7
"SOCK DRAT DLM 3/4""","5.000,00",-17
"PAKU BETON PTH 1 1/4"" DUS DUS","19.000,00",161
"PAKU BETON GDO DOS 7CM DUS","38.500,00",11
"PAKU BETON GDO DOS 5CM DUS","29.000,00",20
"ENGSEL TIPIS HINGES 2""","1.000,00",331
"KNEE DRAT DLM KUNINGAN 1/2""","10.000,00",75
"KNEE DRAT KUNINGAN 3/4""","12.000,00",44
"KIKIR INDIA 4""","7.500,00",3
"GRENDEL 18""","33.000,00",12
"GRENDEL 24""","40.000,00",8
"GRENDEL GOMEO 4""","6.000,00",35
"SENTER  GF 660 FOX","122.000,00",4
"OVERSOCK 1/2""-3/4""","4.500,00",-38
"OVERVAL OLAF (B)","6.000,00",20
"MATA GERGAJI 4""","28.000,00",5
"ISOLASI KERTAS 2""","12.500,00",
"KNEE DRAT DLM 1/2""","4.500,00",30
"TEE DRAT DLM 1/2""","6.000,00",9
"TEE DRAT DLM 3/4""","6.500,00",18
"PAKU BETON GDO DOS 4CM DUS","24.000,00",22
"CAT AVIAN SW 100CC","15.000,00",14
"CAT AVIAN 192 100CC","15.000,00",
"CAT AVIAN 911 100CC","15.000,00",8
"CAT AVIAN 650 100CC","15.000,00",9
"CAT AVIAN SBM 100CC","15.000,00",6
"CAT AVIAN 733 100CC","15.000,00",10
"CAT AVIAN 465 100CC","15.000,00",10
"CAT AVIAN SB 100CC","15.000,00",20
"CAT AVIAN 301 100CC","15.000,00",12
"SOCK DRAT DLM 1/2""","4.000,00",16
"KRAN ONDA 1/2""","38.000,00",-11
"PIPA GMT 2""","43.000,00",49
"CAT AVIAN 755 0.5L","54.000,00",5
"CAT AVIAN 731 0.5L","54.000,00",5
"CAT AVIAN 480 100CC","15.000,00",10
"STOP KRAN MDN 1/2""","9.000,00",28
"WD 40 DUS","65.000,00",282
"KUAS INS 3""","8.000,00",5
"OVER SOCK 1 1/4-1""","7.000,00",-11
"SEKRUP GYPSUM 2""","500,00",2822
"PASIR URUG","",
"KUAS ROLL HOMECARE 9""","38.000,00",24
"BAUT ROFING KUNING 5CM DOS DUS","160.000,00",2
"REFILL BULU KUAS 4''","4.000,00",76
"PIGMEN BLUE FBL 500ML","120.000,00",5
"PIGMEN RED K63R 500ML","126.000,00",5
"PIGMEN GREEN LSG 500ML","150.000,00",5
"FERARI STONE PENCIL","2.000,00",
"MENI MEIJI GREEN","68.000,00",7
"KUAS INS 1""","3.000,00",
"KUAS INS 2""","5.000,00",
"TANG STAVIC USA 8""","40.000,00",9
"STEKER T LB3 LOYAL","21.500,00",29
"PIPA GMT 4""","92.000,00",22
"TEE 4""","50.000,00",12
"KUAS TIKA 1 1/2""","25.000,00",
"ENGSEL GOMEO 2""","4.000,00",49
"BESI 10MM TS 420","85.100,00",
"KUAS INDACO 1.5""","14.000,00",14
"STOP KRAN VIPER 1/2""","11.000,00",-1
"SARINGAN TALANG 3""","16.000,00",
"SARINGAN TALANG 4""","20.000,00",
"OBENG CAVANNI 4""","10.000,00",2
"TEE Y AW 4""","195.000,00",-4
"TEE Y AW 6""","415.000,00",3
"TEE WAVIN 4""","45.000,00",-2
"TEE WAVIN 5""","75.500,00",-2
"TEE WAVIN 6""","125.000,00",10
"BAUT ROFING 8 CM DUS","180.000,00",
"DEXTRO 750 BM 1/2KG","55.000,00",9
"SAPU LANTAI","21.000,00",
"TRIPLEK 18 MA","215.000,00",
"PAKU KALSIBOT DOS DUS","20.000,00",5
"CAT AVIAN 178 0.5L","54.000,00",13
"CAT AVIAN SB 0.5L","54.000,00",37
"PAKU BETON GDO DOS 3CM DUS","18.000,00",31
"PIPA GMT 3""","75.000,00",26
"ENGSEL GOMEO 4""","24.000,00",38
"KNEE WAVIN 6""","123.000,00",14
"KNEE WAVIN 6"" 45'","95.000,00",9
"THINNER SUPER 20L","440.000,00",4
"OVERSOCK 4""X3""","10.000,00",-4
"CLEAN OUT 4""","18.000,00",-1
"KUAS GOMEO 4'","13.500,00",5
"KUAS GOMEO 3""","10.000,00",60
"KUAS GOMEO 1""","3.500,00",57
"KUAS GOMEO 2 1/2""","8.000,00",69
"KNEE WAVIN 1""","6.500,00",41
"KNEE 45' 4""","65.000,00",-1
"KNEE 45 3""","70.000,00",4
"ENGSEL GOMEO SN 3""","15.000,00",94
"ENGSEL GOMEO GP 3""","15.000,00",40
"BESI 16 TS420","218.500,00",
"BESI 13 TS420 POLOS","142.500,00",
"WIREMESH M10","",-13
"KNEE DRAT DLM KUNINGAN 1/2 X 3/4 RUSH","11.000,00",45
"SOCK DRAT DLM KUNINGAN 1/2 X 3/4","19.000,00",-15
"AM 76 BONDING 1LT","55.000,00",48
"CAT AVIAN 480 0.5L","54.000,00",18
"CAT AVIAN 652 0.5L","54.000,00",14
"CAT AVIAN 606 0.5L","54.000,00",17
"CAT AVIAN 671 0.5L","54.000,00",5
"CAT AVIAN 650 0.5L","54.000,00",18
"CAT AVIAN 752 0.5L","54.000,00",13
"CAT AVIAN SW 0.5L","52.000,00",31
"KUAS YOZURI 2""","8.000,00",9
"KUAS INDACO 2.5""","20.000,00",12
"MDN FOOT KLEP PVC 1""","10.000,00",5
"KRAN GOLDY 1/2""","35.000,00",123
"KNEE RUCIKA 5"" AW 45D","125.000,00",4
"SEKRUP BARING 10X19 DOLPHIN DUS","120.000,00",3
"SEKRUP BARING 10X16 DOLPHIN DUS","105.000,00",0
"GERGAJI HERBEL CAB 18""","28.000,00",12
"GRENDEL WANLY 2""","5.500,00",4
"SEALTAPE ONDA 1""","13.000,00",1
"ENGSEL TIPIS HINGES 1 1/2""","1.000,00",121
"ENGSEL TIPIS HINGES 1""","1.000,00",125
"MUR 12""","750,00",-6
"KNEE GRESS 4""","18.000,00",-1
"STOP KRAN GOLDY 3/4'","34.000,00",18
"STOP KRAN GOLDY 1""","38.000,00",9
"STOP KRAN GOLDY 2""","100.000,00",9
"PAKU BETON PTH 2"" DUS DUS","19.000,00",159
"SEKRUP GYPSUM 1 1/2"" KOREI DUS","36.000,00",1
"SEKRUP GYPSUM 1 1/2""","300,00",104
"SEKRUP GYPSUM 3"" DUS DUS","43.000,00",
"SEKRUP GYPSUM 3""","500,00",77
"HOLESAW TORA 10""","18.500,00",5
"OLI DRIGEN 5L","300.000,00",-1
"SEKRUP GYPSUM 1"" DUS","95.000,00",-1
"SOCK WAVIN 1""","18.500,00",47
"GRENDEL GOMEO KTK 2""","14.000,00",-3
"BAUT ROFING FASTFIX 10X16 DUS","120.000,00",-3
"KABEL BELDEN DUS","2.700.000,00",
"BAUT BR 10X16 DUS","204.000,00",
"KUAS IZM 1""","3.500,00",22
"KUAS IZM 3""","6.500,00",19
"KUAS ETERNA 1""","8.500,00",38
"LONG DRAT 3/8""","58.000,00",
"BAUT ROFING 5CM FF DUS","183.000,00",8
"SCRAP GG KARET 3""","9.000,00",24
"SCRAP GG KRT 1.5""","6.500,00",16
"PIPA MASPION PUTIH AW 6""","645.000,00",23
"STOP KRAN IGM 1/2""","10.000,00",6
"SOCK DRAT DLM RUCIKA 2.5""","22.000,00",4
"SPIDOL PERMANEN HITAM SNOWMAN","10.000,00",36
"PIPA GALVANIS 1/2""","120.000,00",-2
"BESI 10 SNI ULIR","82.000,00",102
"KUAS ROLL 4""","10.000,00",27
"KNEE RUCIKA 1""","7.000,00",-10
"FLOORDRY DUS PUTIH 2""","115.000,00",40
"CAT AVIAN SW 50CC","11.000,00",12
"RIVER ATI PUTIH DUS","44.000,00",2
"PAKU RIVETS DUS","127.600,00",1
"B. 8X3P DUS","168.500,00",4
"SPEASER KERAMIK/GRANIT DUS","193.150,00",2
"SIKUKUKAN CHIYO 12""","15.000,00",10
"GRANIT ESTILO CELIA 60X60 DUS","250.000,00",-4
"DOUBLE NEPEL 2""","48.000,00",10
"DOUBLE NEPEL 1,5""","37.000,00",10
"DOUBLE NEPEL 1""","22.000,00",10
"DOUBLE NEPEL 3/4"" TEBAL","17.000,00",18
"DOUBLE NEPEL 1/2"" TEBAL","14.000,00",17
"SIKU LUBANG CARNIVORE  1,8KG","60.000,00",10
"DOP PVC 2,5""","16.000,00",19
"TEE WAVIN 2 1/2""","23.000,00",12
"SPANDEX PASIR 5M","215.000,00",200
"WATERPASS POPEYE 18""","40.000,00",5
"BONDEK 0,75X6M KENCANA","851.400,00",
"KAWAT RAM 1/2""","75.000,00",7
"HOK CENDELA 10""","500,00",-2
"PIPA TATEYAMA 3/8""+5/8""  REFRIGANT 20M","3.542.000,00",44
"TEE 1X3/4""","7.500,00",45
"SELANG AC FLEX 5/8""","220.000,00",1
"ENGSEL GOMEO GP 4""","24.000,00",15
"SOCK 5""","39.000,00",34
"DOP PVC 5""","16.000,00",67
"HAK ANGIN TITHEN 8""","11.000,00",72
"PAKU BETON GDO DOS 10CM DUS","43.000,00",-2
"BESI 10 SNI POLOS","81.000,00",47
"BESI 13MM TS280 ULIR","",50
"KLEM PIPA 1""","1.500,00",80
"KLEM PIPA 1 1/2""","2.500,00",100
"TANG RIVET OLIQ 10""","35.000,00",6
"BULU POLES WERKLINE 7""","26.000,00",10
"RAM PATRI VIPER 1/4""","42.000,00",20
"CAT AVIAN 199 0.5L","54.000,00",11
"CAT AVIAN 199 0.9L","94.000,00",18
"KLEM SELANG 7/8""","2.000,00",91
"KLEM SELANG 1/2""","1.500,00",93
"KLEM SELANG PITA 1""","2.500,00",98
"ORBITFAN KDK 16""","695.000,00",
"SEKRUP GYPSUM LION 3""","600,00",300
"KRAN GOLDY PVC ABS 1/2""","17.000,00",23
"SEKRUP GYPSUM 1 1/4""","250,00",344
"KNEE RUCIKA AW 2""","24.000,00",64
"SEKRUP GYPSUM 1 1/4"" KOREI/GRT/EIFEL DUS","37.000,00",20
"SEKRUP GYPSUM 2"" KOREI DUS","37.000,00",
"CAT AVIAN SW 0,9L","94.000,00",16
"OBENG CHROME 5""","16.000,00",8
"TARIKAN KZK 4""","3.000,00",50
"TARIKAN KZK 5""","4.000,00",49
"SEKRUP BARING 12X20 DOLPHIN DUS","125.000,00",2
"SELANG APOLLO SF 1/2""","6.000,00",25
"SELANG APOLLO SF 3/4""","9.500,00",50
"GATE VALVE WESTPEX 3/4""","220.500,00",9
"CAT AVIAN SB 0,9L","94.000,00",20
"JARUM KARUNG BELL 6""","1.500,00",100
"SELANG APOLLO SF 5/8""","305.000,00",4
"PAKU RIVET 440 STROM DUS","35.000,00",5
"PAKU RIVET 540 STROM (ISI 400) DUS","55.000,00",
"KNEE RUCIKA DV 2 1/2""","13.500,00",42
"STRAIGHT THREAD MALE PPR WESTPEX 25X1/2""","28.000,00",3
"STRAIGHT THREAD MALE PPR WESTPEX 25X3/4""","38.000,00",
"PAKU BETON PTH 1"" DUS DUS","19.000,00",161
"PAKU SEKRUP + 1/2X4 CHW DUS","7.000,00",15
"PAKU SEKRUP + 5/8X5 CHW DUS","8.500,00",15
"PAKU SEKRUP + 3/4X6 CHW DUS","9.500,00",14
"PALU KAMBING BONUCI 8""","28.000,00",8
"KRMK SIGNATURE 25X40 A TIMBER GREY DUS","78.000,00",
"KRMK UNO 50X50 A XAVIERA WHITE DUS","60.000,00",
"KRMK ASIA 40X40 A OSCAR GREY MT DUS","65.000,00",-4
"PAKU BETON PTH 3"" DUS DUS","19.000,00",160
"TEE RUCIKA AW 2X 1/2""","20.000,00",17
"TEE RUCIKA AW 2X3/4""","22.000,00",15
"BAUT TAPPING 3""","1.000,00",965
"SEKRUP GYPSUM 2"" GRT DUS","37.000,00",9
"SEKRUP GYPSUM 1 1/2"" GRT DUS","37.000,00",10
"DOP DRAT DALAM 1/2""","3.500,00",191
"DOP DRAT DALAM  3/4","4.000,00",200
"TEE RUCIKA 1""","7.000,00",-5
"RANTAI KAPAL 3/16""","35.000,00",40
"AFUR BAK CUCI PIRING 1,5""","55.000,00",
"GUNTING ORLEE  OR-G402","5.000,00",12
"TANG LAS 800 A","48.000,00",6
"SPLIT PENANGKAL PETIR ASLI 3/4""","160.000,00",
"BAUT BLANDAR  25CM","12.000,00",44
"KNEE KUNINGAN KOMPOR NO.11 1/2""","26.000,00",10
"KNEE KUNINGAN KOMPOR NO.12 1/2""","30.000,00",10
"SOCK KUNINGAN KOMPOR 1/2""","25.000,00",10
"TEE KUNINGAN KOMPOR 1/2""","37.000,00",10
"CAT AVIAN 192 0,9","94.000,00",-3
"TATAH FUKUDA 1 1/4""","30.000,00",11
"TATAH FUKUDA 1""","27.000,00",11
"TATAH FUKUDA 3/4""","25.000,00",12
"TATAH CAMEL 5/8""","24.000,00",12
"TATAH FUKUDA 1/2""","23.000,00",12
"TATAH FUKUDA 3/8""","21.500,00",12
"TATAH FUKUDA 1/4""","20.000,00",12
"HAK ANGIN DUMBO 8""","4.500,00",18
"PAKU 7CM DUS DUS","480.000,00",3
"PAKU 10CM DUS DUS","480.000,00",2
"OVERSOCK WAVIN 2 X 1 1/4""","13.000,00",30
"LINGGIS DODOS SUPER","130.000,00",30
"LINGGIS 25","280.000,00",5
"OVERVAL PLAT PUTIH IGM 2""","2.000,00",60
"STEKER T LB3 BROCO","30.000,00",-1
"PALU KONDE GG KAYU 1LB","35.000,00",12
"OVERVAL 2"" TOP","4.000,00",180
"KNEE DRAT DLM KUNINGAN 3/4","12.000,00",48
"RODA NILON PTH REM 3"" BRANCH","65.000,00",20
"RODA PAGAR BESI SAB V 50","32.000,00",12
"AMPLAS SUSUN 240","7.000,00",30
"PACUL BAJA","80.000,00",3
"KARET TIMBO","4.000,00",28
"KNEE RUCIKA AW 4""","92.000,00",25
"KNEE RUCIKA AW 6""","234.000,00",
"SOCK RUCIKA DV 5""","70.000,00",18
"MATA BOR BESI 7MM","18.000,00",10
"MATA BOR BESI NACHI 7MM","95.000,00",10
"KIPAS DINDING MASPION","450.000,00",
"HOLO GALV 4X4X1","192.500,00",
"BAUT ROFING 3CM","500,00",400
"BAUT ROFING 4CM","600,00",200
"DOUBLE NEPEL 1/2"" TIPIS","8.000,00",11
"DOUBLE NEPEL 3/4"" TIPIS","13.000,00",12
"AMPLAS LEMBAR 1000","3.500,00",95
"PILOX KOJIN G02 REDGOLD","50.000,00",6
"KABEL NYM 2X1,5 INTICA","8.000,00",34
"KABEL NYM 2X1,5 INTICA ROLL","365.000,00",
"BAUT ROFING 3CM LION DUS","150.000,00",2
"BAUT ROFING 4CM LION DUS","195.000,00",2
"KUNCI BESI 13","33.000,00",
"KUNCI BESI 16","100.000,00",
"KUNCI BESI 19","120.000,00",
"ZENICH LED KUNING 5W","10.000,00",
"KABEL TRANS HAKAMATSU 2X80 100M","250.000,00",1
"SENTER KEPALA LUBY L 2875","60.000,00",10
"SENTER KEPALA LUBY L2871","45.000,00",10
"PEREKAT HERBEL MAJU","65.000,00",12
"VASLIN","100.000,00",
"SPIDOL HITAM WB","10.000,00",
"BOLPEN PILOT DUS","30.000,00",
"TEE WAVIN 1 1/2"" AW","12.000,00",19
"SIDU A3 1 RIM","100.000,00",
"PERTALITE","13.000,00",-10
"KUNCI RINGPAS 17","23.000,00",9
"KUNCI RINGPAS 19","26.000,00",10
"PIGMEN YELLOW F3R 500ML","96.000,00",5
"PIGMEN BLUE FBL 800ML","150.000,00",1
"SIKAT MANGKOK VPR 3"" KING","15.000,00",12
"SARUNG TANGAN GUNTERO","15.000,00",96
"PRESSURE WASHER 70 BAR RYU","1.100.000,00",
"OBENG ANATA MULTIGUNA","70.000,00",3
"OBENG SET COSCO 10 IN 1","35.000,00",4
"RING 8NAN PER ONS","15.000,00",10
"RING 10AN PER ONS","15.000,00",10
"LAMPU SUNSAFE BETA 60W","65.000,00",10
"PHILIPS LED HIGHBAY BY229P 60W","1.300.000,00",
"MEIJI EPOXY 1LT GREY","97.000,00",6
"MEIJI EPOXY 1LT BLACK","97.000,00",6
"MEIJI EPOXY 1LT WHITE","97.000,00",6
"MENI MEIJI LIGHT GREY","68.000,00",6
"MENI MEIJI BLUE","63.000,00",6
"OVERSOCK RUCIKA 5X4","125.000,00",-1
"LED BULB SENSOR 11W MORGEN","53.000,00",6
"LED BULB SENSOR 9W MORGEN","49.000,00",6
"TEE Y RUCIKA 5"" AW","250.000,00",
"BEGEL 6X12","18.000,00",50
"BEGEL 15X15","18.000,00",110
"BEGEL 10X15","18.000,00",50
"BEGEL SAMPING BLANDAR","33.000,00",30
"PLAT U BLANDAR","30.000,00",20
"PLAT I BLANDAR","19.000,00",79
"KRAN ANGSA GOMEO","75.000,00",19
"SIKU TUKANG VPR 12 JUMBO","18.000,00",12
"TEE Y WAVIN 4"" DGY","70.000,00",18
"TRIPLEK 3ML MA","49.000,00",70
"SELANG WASTAFEL JUMBO","18.000,00",12
"CAT AVIAN 192 200CC","28.000,00",12
"CAT AVIAN 197 200CC","28.000,00",12
"CAT AVIAN 198 200CC","28.000,00",12
"CAT AVIAN 301 200CC","28.000,00",12
"CAT AVIAN 465 200CC","28.000,00",12
"CAT AVIAN 470 200CC","28.000,00",12
"CAT AVIAN 657 200CC","28.000,00",12
"CAT AVIAN 660 200CC","28.000,00",12
"CAT AVIAN 732 200CC","28.000,00",12
"CAT AVIAN 750 200CC","28.000,00",12
"CAT AVIAN SB 200CC","28.000,00",12
"CAT AVIAN SW 200CC","28.000,00",12
"HOLO GALV 3X3X0.9","121.000,00",
"OLI MESRAN SUPER","280.000,00",
"PINTU WADJA HANDLE KANAN","1.350.000,00",6
"PINTU WADJA HANDLE KIRI","1.350.000,00",4
"HOLESAW SOLID","75.000,00",
"KNEE RUCIKA 1 1/2 AW","13.000,00",20
"RING 12AN PER ONS","15.000,00",10
"SLENGER","65.000,00",1
"SPANDEX PASIR 3M","135.000,00",10
"TEE WAVIN 6"" DGY","125.000,00",10
"CAT AVIAN 178 0,9","94.000,00",11
"RENG KECIL LIPAT KENCANA TH25 0,40","44.000,00",30
"SPANDEX PASIR KENCANA 0.30 4M","385.000,00",10
"SPANDEX PASIR KENCANA 0.30 5M","481.000,00",10
"STEROFOAM KECIL","15.000,00",
"LISPLANG 4MX30CM","90.000,00",
"MATA BOR BESI FJYM 6,5MM","25.000,00",10
"BENDING SPRING 20MM","40.000,00",1
